date,revenue,num_orders,avg_order_val,week_day,is_weekend,month,quarter,day_of_the_month,day_of_the_year,week_of_year,is_month_start,is_month_end,is_festive,lag_1d,lag_2d,lag_3d,lag_7d,lag_14d,lag_21d,lag_30d,rolling_mean_7d,rolling_mean_14d,rolling_mean_30d,rolling_std_7d,rolling_std_14d,momentum_7d,wow_change,mom_change,rev_clothing,rev_decorative,rev_electronics,rev_grocery
2025-04-29,55561.03,110,505.10027272727274,1,0,4,2,29,119,18,0,0,0,69130.23,119451.83,117338.72,50962.72,71994.42,92851.24,78949.3,80560.59,83105.66285714286,83931.24666666666,27717.409148672843,25456.705249137573,0.8581147432013486,1502.800000000003,-41742.18000000001,0.0,0.0,0.0,0.0
2025-04-30,70703.28,104,679.8392307692308,2,0,4,2,30,120,18,0,1,0,55561.03,69130.23,119451.83,63588.14,87858.95,67120.85,74263.63,81217.49142857142,81931.84928571428,83151.63766666666,26942.69249950805,26370.915349821546,0.6841017744171984,4598.309999999998,-23388.270000000004,0.0,0.0,0.0,0.0
2025-05-01,65809.6,101,651.5801980198021,3,0,5,2,1,121,18,1,0,0,70703.28,55561.03,69130.23,59611.65,64381.88,75877.2,68469.44,82233.93999999999,80706.44428571429,83032.95933333335,26293.137606044656,26472.707127512036,0.8597822261708383,7115.139999999999,-3560.350000000006,0.0,0.0,0.0,0.0
2025-05-02,59574.479999999996,97,614.1698969072164,4,0,5,2,2,122,18,0,0,0,65809.6,70703.28,55561.03,83840.84,67243.85,78197.54,61872.51,83119.36142857143,80808.42428571428,82944.29800000001,25496.658777412005,26407.653124740686,0.7917481422971788,6197.950000000004,-2659.8399999999965,0.0,0.0,0.0,0.0
2025-05-03,116211.75,145,801.4603448275863,5,1,5,2,3,123,18,0,0,0,59574.479999999996,65809.6,70703.28,117338.72,116597.65,132428.86,79809.5,79652.73857142858,80260.61214285715,82867.697,26988.257461321595,26787.504559170062,0.7479275799987196,-24266.36,-2298.030000000006,0.0,0.0,0.0,0.0
2025-05-04,163690.28,166,986.0860240963856,6,1,5,2,4,124,18,0,0,0,116211.75,59574.479999999996,65809.6,119451.83,123850.97,126550.45,51589.72,79491.74285714286,80233.04785714287,84081.10533333334,26728.084255613798,26747.406146753798,1.4619348604401134,-1126.9700000000012,36402.25,0.0,0.0,0.0,0.0
2025-05-05,59223.729999999996,90,658.0414444444444,0,0,5,2,5,125,19,0,0,0,163690.28,116211.75,59574.479999999996,69130.23,67627.43,56274.65,122927.06,85811.52142857143,83078.71285714286,87817.79066666667,39789.76168991273,33107.89552279438,1.9075559700482887,44238.45,112100.56,0.0,0.0,0.0,0.0
2025-05-06,106538.75,127,838.8877952755905,1,0,5,2,6,126,19,0,0,0,59223.729999999996,163690.28,116211.75,55561.03,50962.72,71994.42,117095.5,84396.30714285714,82478.44857142857,85694.34633333333,40648.8543525381,33483.63471853167,0.7017336659026043,-9906.5,-63703.33,0.0,0.0,0.0,0.0
2025-05-07,63679.77,109,584.2180733944954,2,0,5,2,7,127,19,0,0,0,106538.75,59223.729999999996,163690.28,70703.28,63588.14,87858.95,70180.67,91678.83857142857,86448.16500000001,85342.45466666667,39161.0858735273,32746.15091844061,1.162086602100578,50977.72,-10556.75,0.0,0.0,0.0,0.0
2025-05-08,76800.75,115,667.8326086956522,3,0,5,2,8,128,19,0,0,0,63679.77,106538.75,59223.729999999996,65809.6,59611.65,64381.88,92851.24,90675.48,86454.70999999999,85125.75799999999,39871.60762014074,32741.239189708096,0.7022821384568275,-7023.510000000002,-6500.9000000000015,0.0,0.0,0.0,0.0
2025-05-09,82564.39,124,665.8418548387097,4,0,5,2,9,129,19,0,0,0,76800.75,63679.77,106538.75,59574.479999999996,83840.84,67243.85,67120.85,92245.64428571428,87682.50285714286,84590.74166666667,38934.579314743605,31970.416718641976,0.8325677661497237,10991.149999999994,-16050.490000000005,0.0,0.0,0.0,0.0
2025-05-10,150897.46,169,892.8843786982249,5,1,5,2,10,130,19,0,0,0,82564.39,76800.75,63679.77,116211.75,117338.72,116597.65,75877.2,95529.91714285714,87591.32785714285,85105.52633333333,36620.17970522021,31984.03256976451,0.8642778353563405,22989.910000000003,15443.539999999994,0.0,0.0,0.0,0.0
2025-05-11,102801.34,134,767.1741791044776,6,1,5,2,11,131,19,0,0,0,150897.46,82564.39,76800.75,163690.28,119451.83,123850.97,78197.54,100485.01857142858,89988.38071428573,87606.20166666668,41857.25892918788,35454.234168852425,1.501691119186437,34685.70999999999,75020.26,0.0,0.0,0.0,0.0
2025-05-12,85484.2,124,689.3887096774193,0,0,5,2,12,132,20,0,0,0,102801.34,150897.46,82564.39,59223.729999999996,69130.23,67627.43,132428.86,91786.59857142856,88799.05999999998,88426.32833333334,31604.33369445314,34660.22956522493,1.1200038088348878,-60888.94,24603.800000000003,0.0,0.0,0.0,0.0
2025-05-13,72343.85,105,688.9890476190477,1,0,5,2,13,133,20,0,0,0,85484.2,102801.34,150897.46,106538.75,55561.03,50962.72,126550.45,95538.0942857143,89967.2007142857,86861.50633333334,28501.07374326729,34219.1257370862,0.8947655973161007,26260.47,-46944.65999999999,0.0,0.0,0.0,0.0
2025-05-14,67996.34,97,700.9931958762886,2,0,5,2,14,134,20,0,0,0,72343.85,85484.2,102801.34,63679.77,70703.28,63588.14,56274.65,90653.10857142857,91165.97357142856,85054.61966666667,29222.662926099776,33199.87312166734,0.798029445873851,-34194.899999999994,-54206.59999999999,0.0,0.0,0.0,0.0
2025-05-15,67771.62,111,610.5551351351351,3,0,5,2,15,135,20,0,0,0,67996.34,72343.85,85484.2,76800.75,65809.6,59611.65,71994.42,91269.76142857142,90972.62071428573,85445.34266666668,28597.466420825574,33335.8171616858,0.7450040291078642,4316.57,11721.689999999995,0.0,0.0,0.0,0.0
2025-05-16,60251.32,105,573.8220952380952,4,0,5,2,16,136,20,0,0,0,67771.62,67996.34,72343.85,82564.39,59574.479999999996,83840.84,87858.95,89979.8857142857,91112.765,85304.58266666667,29546.726884463205,33225.83683343981,0.7531863311673382,-9029.130000000005,-4222.800000000003,0.0,0.0,0.0,0.0
2025-05-17,150864.03,156,967.0771153846154,5,1,5,2,17,137,20,0,0,0,60251.32,67771.62,67996.34,150897.46,116211.75,117338.72,64381.88,86792.30428571429,91161.11071428572,84384.32833333334,31611.51618398999,33176.87294243977,0.6942011794231907,-22313.07,-27607.629999999997,0.0,0.0,0.0,0.0
2025-05-18,128390.03,150,855.9335333333333,6,1,5,2,18,138,20,0,0,0,150864.03,60251.32,67771.62,102801.34,163690.28,119451.83,67243.85,86787.52857142857,93636.27357142858,87267.06666666667,31600.21787874698,36332.11938105129,1.738314622887699,-33.429999999993015,86482.15,0.0,0.0,0.0,0.0
2025-05-19,72968.35,102,715.375980392157,0,0,5,2,19,139,21,0,0,0,128390.03,150864.03,60251.32,85484.2,59223.729999999996,69130.23,116597.65,90443.05571428571,91114.82714285715,89305.27266666667,35052.884897216296,32071.494368362124,1.4195675830059227,25588.690000000002,61146.17999999999,0.0,0.0,0.0,0.0
2025-05-20,47113.58,85,554.2774117647059,1,0,5,2,20,140,21,0,0,0,72968.35,128390.03,150864.03,72343.85,106538.75,55561.03,123850.97,88655.07714285713,92096.58571428571,87850.96266666667,35661.8971637506,31219.21058047376,0.823058896924982,-12515.849999999991,-43629.29999999999,0.0,0.0,0.0,0.0
2025-05-21,66469.07,105,633.0387619047619,2,0,5,2,21,141,21,0,0,0,47113.58,72968.35,128390.03,67996.34,63679.77,70703.28,67627.43,85050.75285714286,87851.93071428571,85293.04966666666,38728.38587516814,33088.41741264328,0.5539466544068655,-25230.270000000004,-76737.39,0.0,0.0,0.0,0.0
2025-05-22,58221.75,94,619.3803191489362,3,0,5,2,22,142,21,0,0,0,66469.07,47113.58,72968.35,67771.62,76800.75,65809.6,50962.72,84832.57142857143,88051.16642857144,85254.43766666666,38844.60484401638,32939.73683971349,0.7835324201620579,-1527.2699999999895,-1158.359999999986,0.0,0.0,0.0,0.0
2025-05-23,79815.65,110,725.5968181818181,4,0,5,2,23,143,21,0,0,0,58221.75,66469.07,47113.58,60251.32,82564.39,59574.479999999996,63588.14,83468.30428571429,86724.095,85496.40533333334,39701.91249071504,33791.10940706827,0.6975312425265603,-9549.869999999995,7259.029999999999,0.0,0.0,0.0,0.0
2025-05-24,128495.92,149,862.3887248322147,5,1,5,2,24,144,21,0,0,0,79815.65,58221.75,66469.07,150864.03,150897.46,116211.75,59611.65,86263.20857142856,86527.75642857143,86037.32233333333,38464.451611771976,33825.106466865385,0.9252571440570666,19564.329999999994,16227.509999999995,0.0,0.0,0.0,0.0
2025-05-25,112985.18,141,801.3133333333333,6,1,5,2,25,145,21,0,0,0,128495.92,79815.65,58221.75,128390.03,102801.34,163690.28,83840.84,83067.76428571428,84927.64642857142,88333.46466666667,32700.519778863792,30953.830190422097,1.5468806835589382,-22368.11,68884.26999999999,0.0,0.0,0.0,0.0
2025-05-26,66594.85,113,589.3349557522124,0,0,5,2,26,146,22,0,0,0,112985.18,128495.92,79815.65,72968.35,85484.2,59223.729999999996,117338.72,80867.07142857143,85655.06357142857,89304.94266666667,29504.19917297618,31520.644289317293,1.3971716547172919,-15404.850000000006,29144.339999999997,0.0,0.0,0.0,0.0
2025-05-27,70430.04,100,704.3004,1,0,5,2,27,147,22,0,0,0,66594.85,112985.18,128495.92,47113.58,72343.85,106538.75,119451.83,79956.57142857143,84305.82428571429,87613.48033333334,29884.472126233857,31930.139496315947,0.8328877640719143,-6373.5,-50743.869999999995,0.0,0.0,0.0,0.0
2025-05-28,62832.6,109,576.445871559633,2,0,5,2,28,148,22,0,0,0,70430.04,66594.85,112985.18,66469.07,67996.34,63679.77,69130.23,83287.49428571427,84169.12357142857,85979.42066666666,26748.574513739895,31989.332896165582,0.8456256320833934,23316.459999999992,-49021.79000000001,0.0,0.0,0.0,0.0
2025-05-29,73048.65,110,664.0786363636363,3,0,5,2,29,149,22,0,0,0,62832.6,70430.04,66594.85,58221.75,67771.62,76800.75,55561.03,82767.99857142857,83800.285,85769.49966666666,27161.773399724498,32219.093923208795,0.7591412270984765,-3636.4700000000084,-6297.629999999997,0.0,0.0,0.0,0.0
2025-05-30,75177.56,123,611.1996747967479,4,0,5,2,30,150,22,0,0,0,73048.65,62832.6,70430.04,79815.65,60251.32,82564.39,70703.28,84886.12714285715,84177.21571428572,86352.42033333333,25452.942667187304,32047.561590700854,0.8605487428713009,14826.899999999994,17487.619999999995,0.0,0.0,0.0,0.0
2025-05-31,136778.52,149,917.976644295302,5,1,5,2,31,151,22,0,1,0,75177.56,73048.65,62832.6,128495.92,150864.03,150897.46,65809.6,84223.54285714285,85243.37571428572,86501.563,25666.408508905643,31432.75142516816,0.892595555229881,-4638.0899999999965,4474.279999999999,0.0,0.0,0.0,0.0
2025-06-01,116929.06,106,1103.1043396226414,6,1,6,2,1,152,22,1,0,0,136778.52,75177.56,73048.65,112985.18,128390.03,102801.34,59574.479999999996,85406.77142857142,84237.26785714286,88867.19366666667,28121.07510426206,29325.574941461586,1.6014950303371542,8282.599999999991,70968.91999999998,0.0,0.0,0.0,0.0
2025-06-02,42423.29,74,573.2877027027027,0,0,6,2,2,153,23,0,0,0,116929.06,136778.52,75177.56,66594.85,72968.35,85484.2,116211.75,85970.18285714286,83418.62714285715,90779.01299999999,28797.086717525617,28133.97336565976,1.3601117982300945,3943.8800000000047,57354.58,0.0,0.0,0.0,0.0
2025-06-03,40230.59,70,574.7227142857142,1,0,6,2,3,154,23,0,0,0,42423.29,116929.06,136778.52,70430.04,47113.58,72343.85,163690.28,82517.10285714285,81236.83714285714,88319.39766666666,32693.259356942228,30120.95158121424,0.5141151171223801,-24171.560000000005,-73788.45999999999,0.0,0.0,0.0,0.0
2025-06-04,35453.58,58,611.2686206896552,2,0,6,2,4,155,23,0,0,0,40230.59,42423.29,116929.06,62832.6,66469.07,67996.34,59223.729999999996,78202.8957142857,80745.19499999999,84204.07466666665,36342.951270927755,30769.94546731843,0.5144386231806806,-30199.449999999997,-123459.69,0.0,0.0,0.0,0.0
2025-06-05,43267.81,75,576.9041333333333,3,0,6,2,5,156,23,0,0,0,35453.58,40230.59,42423.29,73048.65,58221.75,67771.62,106538.75,74291.60714285714,78529.80285714286,83411.73633333333,39600.15024836469,32918.4017326789,0.47722187422631696,-27379.019999999997,-23770.149999999994,0.0,0.0,0.0,0.0
2025-06-06,40040.16,65,616.0024615384616,4,0,6,2,6,157,23,0,0,0,43267.81,35453.58,40230.59,75177.56,79815.65,60251.32,63679.77,70037.20142857142,77461.66428571429,81302.705,41318.40322218881,33857.272248641675,0.6177832511501299,-29780.839999999997,-63270.94,0.0,0.0,0.0,0.0
2025-06-07,64293.11,80,803.663875,5,1,6,2,7,158,23,0,0,0,40040.16,43267.81,35453.58,136778.52,128495.92,150864.03,76800.75,65017.57285714285,74620.55785714285,80514.71800000001,42701.06396068517,35283.37462870758,0.6158359692690462,-35137.399999999994,-23639.609999999993,0.0,0.0,0.0,0.0
2025-06-08,90692.87,110,824.4806363636363,6,1,6,2,8,159,23,0,0,0,64293.11,40040.16,43267.81,116929.06,112985.18,128390.03,82564.39,54662.514285714286,70034.64285714286,80097.79666666666,28984.437852390693,31736.399547696357,1.1761828163253998,-72485.40999999999,-12507.64,0.0,0.0,0.0,0.0
2025-06-09,43627.4,82,532.0414634146341,0,0,6,2,9,160,24,0,0,0,90692.87,64293.11,40040.16,42423.29,66594.85,72968.35,150897.46,50914.48714285715,68442.33499999999,80368.746,19846.56011831002,29923.113292779013,1.7812782783322532,-26236.190000000002,8128.479999999996,0.0,0.0,0.0,0.0
2025-06-10,45836.13,75,611.1483999999999,1,0,6,2,10,161,24,0,0,0,43627.4,90692.87,64293.11,40230.59,70430.04,47113.58,102801.34,51086.50285714286,66801.80285714286,76793.07733333333,19765.75226431298,30652.888152275533,0.8539907325815161,1204.1100000000006,-107270.06,0.0,0.0,0.0,0.0
2025-06-11,34396.11,74,464.8122972972973,2,0,6,2,11,162,24,0,0,0,45836.13,43627.4,90692.87,35453.58,62832.6,66469.07,85484.2,51887.294285714284,65045.094999999994,74894.237,19362.06117745814,31129.982079660687,0.8833786889639149,5605.540000000001,-56965.21,0.0,0.0,0.0,0.0
2025-06-12,50458.4,70,720.8342857142858,3,0,6,2,12,163,24,0,0,0,34396.11,45836.13,43627.4,43267.81,73048.65,58221.75,72343.85,51736.22714285714,63013.91714285714,73191.30066666666,19515.170559330512,32194.947972316633,0.6648360713475059,-1057.4700000000012,-51088.09,0.0,0.0,0.0,0.0
2025-06-13,51668.02,87,593.8852873563218,4,0,6,2,13,164,24,0,0,0,50458.4,34396.11,45836.13,40040.16,75177.56,79815.65,67996.34,52763.45428571429,61400.32785714285,72461.78566666668,19181.517474898374,32219.421443584448,0.9563134310116741,7190.590000000004,-21885.450000000004,0.0,0.0,0.0,0.0
2025-06-14,115951.46,109,1063.774862385321,5,1,6,2,14,165,24,0,0,0,51668.02,50458.4,34396.11,64293.11,136778.52,128495.92,67771.62,54424.577142857146,59721.075000000004,71917.50833333333,18382.900254524408,32058.374358424946,0.9493508762480137,11627.859999999993,-16328.32,0.0,0.0,0.0,0.0
2025-06-15,102565.75,112,915.765625,6,1,6,2,15,166,24,0,0,0,115951.46,51668.02,50458.4,90692.87,116929.06,112985.18,60251.32,61804.34142857143,58233.42785714286,73523.503,29817.581663569734,28492.421145578373,1.8761054210731403,51658.350000000006,48179.84000000001,0.0,0.0,0.0,0.0
2025-06-16,49939.15,68,734.3992647058824,0,0,6,2,16,167,25,0,0,0,102565.75,115951.46,51668.02,43627.4,42423.29,66594.85,150864.03,63500.467142857146,57207.47714285714,74933.984,31993.06306637934,26397.954934419668,1.6151967790922859,11872.880000000005,42314.43,0.0,0.0,0.0,0.0
2025-06-17,49550.45,71,697.893661971831,1,0,6,2,17,168,25,0,0,0,49939.15,102565.75,115951.46,45836.13,40230.59,70430.04,128390.03,64402.14571428572,57744.32428571429,71569.82133333333,31423.49402776364,26149.419530796662,0.7754268036588368,6311.75,-100924.88,0.0,0.0,0.0,0.0
2025-06-18,59445.18,76,782.1734210526316,2,0,6,2,18,169,25,0,0,0,49550.45,49939.15,102565.75,34396.11,35453.58,62832.6,72968.35,64932.76285714286,58410.02857142857,68941.83533333334,31087.29886866434,25785.359978400622,0.7631039835624135,3714.3199999999997,-78839.58,0.0,0.0,0.0,0.0
2025-06-19,38156.45,76,502.0585526315789,3,0,6,2,19,170,25,0,0,0,59445.18,49550.45,49939.15,50458.4,43267.81,73048.65,47113.58,68511.20142857144,60123.71428571428,68491.063,28303.447214452797,24925.21306920539,0.8676709612511411,25049.07,-13523.170000000006,0.0,0.0,0.0,0.0
2025-06-20,48735.3,64,761.4890625,4,0,6,2,20,171,25,0,0,0,38156.45,59445.18,49550.45,51668.02,40040.16,75177.56,66469.07,66753.78,59758.61714285715,68192.492,29945.5014141123,25226.716992820064,0.5715998404884252,-12301.950000000004,-8957.130000000005,0.0,0.0,0.0,0.0
2025-06-21,72204.45,90,802.2716666666666,5,1,6,2,21,172,25,0,0,0,48735.3,38156.45,59445.18,115951.46,64293.11,136778.52,58221.75,66334.81999999999,60379.69857142858,67601.36633333332,30211.077173825965,24807.45829511508,0.7346865492361218,-2932.719999999994,-17733.770000000004,0.0,0.0,0.0,0.0
2025-06-22,68696.3,91,754.9043956043956,6,1,6,2,22,173,25,0,0,0,72204.45,48735.3,38156.45,102565.75,90692.87,116929.06,79815.65,60085.24714285714,60944.794285714284,68067.45633333334,21507.737248051588,24992.874561239885,1.2017001416059312,-43747.01000000001,13982.699999999997,0.0,0.0,0.0,0.0
2025-06-23,52474.840000000004,67,783.2065671641792,0,0,6,2,23,174,26,0,0,0,68696.3,72204.45,48735.3,49939.15,43627.4,42423.29,128495.92,55246.75428571429,59373.610714285714,67696.81133333333,12118.694825212438,23633.330940667223,1.2434449930710636,-33869.45,-11119.349999999991,0.0,0.0,0.0,0.0
2025-06-24,44695.94,67,667.1035820895522,1,0,6,2,24,175,26,0,0,0,52474.840000000004,68696.3,72204.45,49550.45,45836.13,40230.59,112985.18,55608.99571428571,60005.57071428571,65162.77533333333,11970.595217625176,23295.765486608016,0.9436394116809864,2535.6900000000023,-76021.07999999999,0.0,0.0,0.0,0.0
2025-06-25,47225.43,76,621.3872368421053,2,0,6,2,25,176,26,0,0,0,44695.94,52474.840000000004,68696.3,59445.18,34396.11,35453.58,66594.85,54915.49428571428,59924.12857142858,62886.467333333334,12508.617685529074,23351.03991725943,0.8139039916030838,-4854.509999999995,-68289.23999999999,0.0,0.0,0.0,0.0
2025-06-26,66858.83,77,868.2964935064936,3,0,6,2,26,177,26,0,0,0,47225.43,44695.94,52474.840000000004,38156.45,50458.4,43267.81,70430.04,53169.81571428571,60840.508571428574,62240.82,12623.26145614638,22508.70691154863,0.8881999940298937,-12219.75,-19369.420000000006,0.0,0.0,0.0,0.0
2025-06-27,46923.99,76,617.4209210526316,4,0,6,2,27,178,26,0,0,0,66858.83,47225.43,44695.94,48735.3,51668.02,40040.16,62832.6,57270.15571428572,62011.96785714286,62121.77966666666,11549.738986775008,22353.048505233925,1.167428814643877,28702.380000000005,-3571.209999999992,0.0,0.0,0.0,0.0
2025-06-28,70983.37,88,806.6292045454545,5,1,6,2,28,179,26,0,0,0,46923.99,66858.83,47225.43,72204.45,115951.46,64293.11,73048.65,57011.39714285714,61673.10857142857,61591.49266666666,11790.600174938476,22556.947364281506,0.823063323328469,-1811.310000000005,-15908.61,0.0,0.0,0.0,0.0
2025-06-29,66334.01,93,713.2689247311828,6,1,6,2,29,180,26,0,0,0,70983.37,46923.99,66858.83,68696.3,102565.75,90692.87,75177.56,56836.957142857136,58461.10214285715,61522.65,11534.612261343069,16665.741246961647,1.2488946201251634,-1221.0800000000017,-2065.279999999999,0.0,0.0,0.0,0.0
2025-06-30,43649.47,74,589.8577027027027,0,0,6,2,30,181,27,0,1,0,66334.01,70983.37,46923.99,52474.840000000004,49939.15,43627.4,136778.52,56499.48714285714,55873.12071428572,61227.865,11158.229235852159,11210.248581332507,1.174063931452606,-2362.290000000008,-8843.550000000003,0.0,0.0,0.0,0.0
2025-07-01,54181.14,79,685.8372151898734,1,0,7,3,1,182,27,1,0,0,43649.47,66334.01,70983.37,44695.94,49550.45,45836.13,116929.06,55238.72000000001,55423.85785714286,58123.56333333334,12143.824888303057,11586.084694275482,0.7901969850133965,-8825.370000000003,-93129.04999999999,0.0,0.0,0.0,0.0
2025-07-02,57726.46,78,740.0828205128205,2,0,7,3,2,183,27,0,0,0,54181.14,43649.47,66334.01,47225.43,59445.18,34396.11,42423.29,56593.74857142857,55754.62142857143,56031.966,11269.061228491173,11471.038532930042,0.9573696983795922,9485.199999999997,-62747.92,0.0,0.0,0.0,0.0
2025-07-03,43886.31,72,609.5320833333333,3,0,7,3,3,184,27,0,0,0,57726.46,54181.14,43649.47,66858.83,38156.45,50458.4,40230.59,58093.89571428571,55631.85571428571,56542.07166666667,10485.823747660326,11437.65155496303,0.9936751407395055,10501.029999999999,15303.169999999998,0.0,0.0,0.0,0.0
2025-07-04,41342.68,76,543.9826315789473,4,0,7,3,4,185,27,0,0,0,43886.31,57726.46,54181.14,46923.99,48735.3,51668.02,35453.58,54812.107142857145,56041.13142857143,56663.929,10873.173894229745,10851.732569605067,0.800668178758719,-22972.520000000004,3655.720000000001,0.0,0.0,0.0,0.0
2025-07-05,95167.22,91,1045.7936263736265,5,1,7,3,5,186,27,0,0,0,41342.68,43886.31,57726.46,70983.37,72204.45,115951.46,43267.81,54014.77714285714,55513.08714285714,56860.23233333334,11719.701310186732,11400.563304898138,0.7653957340350954,-5581.309999999998,5889.0999999999985,0.0,0.0,0.0,0.0
2025-07-06,87610.96,111,789.287927927928,6,1,7,3,6,187,27,0,0,0,95167.22,41342.68,43886.31,66334.01,68696.3,102565.75,40040.16,57469.612857142856,57153.284999999996,58590.21266666667,18912.72752086081,15053.320973157988,1.6559572140596053,24183.850000000006,51899.41,0.0,0.0,0.0,0.0
2025-07-07,53927.47,76,709.5719736842105,0,0,7,3,7,188,28,0,0,0,87610.96,95167.22,41342.68,43649.47,52474.840000000004,49939.15,64293.11,60509.177142857145,58504.33214285714,60175.905999999995,22028.005611119057,16904.04210635893,1.4478954125116652,21276.95000000001,47570.8,0.0,0.0,0.0,0.0
2025-07-08,45827.69,71,645.4604225352113,1,0,7,3,8,189,28,0,0,0,53927.47,87610.96,95167.22,54181.14,44695.94,49550.45,90692.87,61977.462857142855,58608.09142857143,59830.384666666665,21037.1745988736,16868.606439316063,0.8701141917393612,10278.0,-10365.64,0.0,0.0,0.0,0.0
2025-07-09,32223.24,60,537.054,2,0,7,3,9,190,28,0,0,0,45827.69,53927.47,87610.96,57726.46,47225.43,59445.18,43627.4,60784.112857142856,58688.930714285714,58334.878666666664,21777.05296218918,16799.376579782038,0.7539419076117018,-8353.449999999997,-44865.17999999999,0.0,0.0,0.0,0.0
2025-07-10,42129.76,76,554.338947368421,3,0,7,3,10,191,28,0,0,0,32223.24,45827.69,53927.47,43886.31,66858.83,38156.45,45836.13,57140.79571428571,57617.34571428572,57954.74,24354.664553397102,18020.912018429994,0.5639270436680905,-25503.219999999998,-11404.16,0.0,0.0,0.0,0.0
2025-07-11,40557.84,63,643.775238095238,4,0,7,3,11,192,28,0,0,0,42129.76,32223.24,45827.69,41342.68,46923.99,48735.3,34396.11,56889.86,55850.98357142857,57831.194333333326,24522.462945863237,18255.815292806976,0.7405495460878136,-1756.5499999999956,-3706.3699999999953,0.0,0.0,0.0,0.0
2025-07-12,86421.15,101,855.6549504950494,5,1,7,3,12,193,28,0,0,0,40557.84,42129.76,32223.24,95167.22,70983.37,72204.45,50458.4,56777.740000000005,55396.258571428574,58036.585333333336,24607.042381720094,18571.828282020957,0.7143264244050447,-784.8400000000038,6161.729999999996,0.0,0.0,0.0,0.0
2025-07-13,79312.14,93,852.8187096774193,6,1,7,3,13,194,28,0,0,0,86421.15,40557.84,42129.76,87610.96,66334.01,68696.3,51668.02,55528.30142857142,56498.957142857136,59235.34366666667,22461.415483764962,19973.885069674336,1.5563442024454124,-8746.070000000007,35962.74999999999,0.0,0.0,0.0,0.0
2025-07-14,38615.49,77,501.4998701298701,0,0,7,3,14,195,29,0,0,0,79312.14,86421.15,40557.84,53927.47,43649.47,52474.840000000004,115951.46,54342.75571428572,57425.966428571424,60156.814333333336,20630.182092031177,20751.480581922355,1.4594795379349677,-8298.820000000007,27644.120000000003,0.0,0.0,0.0,0.0
2025-07-15,30488.43,54,564.6005555555556,1,0,7,3,15,196,29,0,0,0,38615.49,79312.14,86421.15,45827.69,54181.14,44695.94,102565.75,52155.33,57066.396428571425,57578.94866666666,21475.98303817861,21050.019923030053,0.7403939348097166,-15311.980000000003,-77335.97,0.0,0.0,0.0,0.0
2025-07-16,54674.86,78,700.9597435897437,2,0,7,3,16,197,29,0,0,0,30488.43,38615.49,79312.14,32223.24,57726.46,47225.43,49939.15,49964.00714285714,55374.06,55176.37133333333,22960.507185627655,22219.72609828169,0.6102078624884277,-15339.260000000002,-72077.32,0.0,0.0,0.0,0.0
2025-07-17,39689.76,60,661.496,3,0,7,3,17,198,29,0,0,0,54674.86,30488.43,38615.49,42129.76,43886.31,66858.83,49550.45,53171.381428571425,55156.08857142857,55334.22833333334,21596.89757230383,22209.83998096886,1.0282760863275158,22451.62,4735.709999999999,0.0,0.0,0.0,0.0
2025-07-18,47561.5,67,709.8731343283582,4,0,7,3,18,199,29,0,0,0,39689.76,54674.86,30488.43,40557.84,41342.68,46923.99,59445.18,52822.81,54856.335,55005.538666666675,21823.31363006549,22401.13729139547,0.7513754001348897,-2440.0,-9860.689999999995,0.0,0.0,0.0,0.0
2025-07-19,70190.78,101,694.9582178217821,5,1,7,3,19,200,29,0,0,0,47561.5,39689.76,54674.86,86421.15,95167.22,70983.37,38156.45,53823.33285714285,55300.53642857143,54609.416000000005,21322.08041240643,22173.053141167522,0.883659511131282,7003.6600000000035,-11883.68,0.0,0.0,0.0,0.0
2025-07-20,95807.59,98,977.6284693877551,6,1,7,3,20,201,29,0,0,0,70190.78,47561.5,39689.76,79312.14,87610.96,66334.01,48735.3,51504.708571428564,53516.505000000005,55677.22699999999,17773.717450802178,19570.747113429923,1.3628031678434909,-16230.369999999995,32034.33,0.0,0.0,0.0,0.0
2025-07-21,50060.08,67,747.1653731343284,0,0,7,3,21,202,30,0,0,0,95807.59,70190.78,47561.5,38615.49,53927.47,43649.47,72204.45,53861.201428571425,54101.97857142857,57246.30333333334,22531.647529067122,20755.8869350771,1.7787867232604238,16495.449999999997,47072.28999999999,0.0,0.0,0.0,0.0
2025-07-22,29151.76,67,435.10089552238804,1,0,7,3,22,203,30,0,0,0,50060.08,95807.59,70190.78,30488.43,45827.69,54181.14,68696.3,55496.142857142855,53825.73642857142,56508.157666666666,21638.532047685043,20784.10470069246,0.9020461138869207,11444.590000000004,-22144.369999999995,0.0,0.0,0.0,0.0
2025-07-23,45313.69,81,559.4282716049383,2,0,7,3,23,204,30,0,0,0,29151.76,50060.08,95807.59,54674.86,32223.24,57726.46,52474.840000000004,55305.19,52634.59857142856,55190.00633333334,21900.311945628437,21733.880218043745,0.5271071304519426,-1336.670000000002,-39544.54000000001,0.0,0.0,0.0,0.0
2025-07-24,39954.979999999996,67,596.3429850746268,3,0,7,3,24,205,30,0,0,0,45313.69,29151.76,50060.08,39689.76,42129.76,43886.31,44695.94,53967.880000000005,53569.63071428571,54951.30133333334,22228.570016922717,21059.31603350015,0.8396418388122557,-9361.169999999998,-7161.1500000000015,0.0,0.0,0.0,0.0
2025-07-25,48641.549999999996,75,648.554,4,0,7,3,25,206,30,0,0,0,39954.979999999996,45313.69,29151.76,47561.5,40557.84,41342.68,47225.43,54005.76857142857,53414.28928571429,54793.26933333334,22200.384969830666,21157.981821862213,0.7398280046168476,265.2199999999939,-4740.960000000006,0.0,0.0,0.0,0.0
2025-07-26,91407.27,94,972.4177659574468,5,1,7,3,26,207,30,0,0,0,48641.549999999996,39954.979999999996,45313.69,70190.78,86421.15,95167.22,66858.83,54160.061428571425,53991.697142857134,54840.473333333335,22151.832716929992,20888.726599715614,0.8981073639318085,1080.0499999999956,1416.1199999999953,0.0,0.0,0.0,0.0
2025-07-27,96020.99,102,941.3822549019609,6,1,7,3,27,208,30,0,0,0,91407.27,48641.549999999996,39954.979999999996,95807.59,79312.14,87610.96,46923.99,57190.98857142858,54347.84857142856,55658.75466666667,25853.06922250915,21517.230219779958,1.5982809929196358,21216.490000000005,24548.440000000002,0.0,0.0,0.0,0.0
2025-07-28,55322.08,72,768.3622222222223,0,0,7,3,28,209,31,0,0,0,96020.99,91407.27,48641.549999999996,50060.08,38615.49,53927.47,70983.37,57221.474285714285,55541.337857142855,57295.32133333334,25906.26606550812,23390.298101903147,1.6780586519066776,213.40000000000873,49097.00000000001,0.0,0.0,0.0,0.0
2025-07-29,34283.26,76,451.0955263157895,1,0,7,3,29,210,31,0,0,0,55322.08,96020.99,91407.27,29151.76,30488.43,45827.69,66334.01,57973.18857142857,56734.66571428572,56773.27833333333,25739.639788683588,22880.97277707217,0.9542700921450423,5262.0,-15661.289999999994,0.0,0.0,0.0,0.0
2025-07-30,48163.72,71,678.3622535211268,2,0,7,3,30,211,31,0,0,0,34283.26,55322.08,96020.99,45313.69,54674.86,32223.24,43649.47,58706.259999999995,57005.725,55704.92,24839.318809409186,22566.44548438257,0.5839796301109869,5131.500000000004,-32050.749999999993,0.0,0.0,0.0,0.0
2025-07-31,54118.24,76,712.0821052631578,3,0,7,3,31,212,31,0,1,0,48163.72,34283.26,55322.08,39954.979999999996,39689.76,42129.76,54181.14,59113.40714285715,56540.64357142857,55855.395,24605.46819431254,22684.96268095794,0.8147681266891577,2850.029999999999,4514.25,0.0,0.0,0.0,0.0
2025-08-01,74055.51,110,673.2319090909091,4,0,8,3,1,213,31,1,0,0,54118.24,48163.72,34283.26,48641.549999999996,47561.5,40557.84,57726.46,61136.729999999996,57571.249285714286,55853.29833333334,23316.031347820226,22182.709139297032,0.8852001080201561,14163.260000000002,-62.900000000001455,0.0,0.0,0.0,0.0
2025-08-02,111342.06,134,830.910895522388,5,1,8,3,2,214,31,0,0,0,74055.51,54118.24,48163.72,91407.27,70190.78,86421.15,43886.31,64767.29571428571,59463.67857142857,56397.59999999999,23022.895157107498,22392.20560129068,1.1434090181360534,25413.96,16329.049999999996,0.0,0.0,0.0,0.0
2025-08-03,111873.75,139,804.8471223021583,6,1,8,3,3,215,31,0,0,0,111342.06,74055.51,54118.24,96020.99,95807.59,79312.14,41342.68,67615.12285714287,62403.05571428571,58646.125,27637.75138817723,26273.235803664316,1.6467035079599233,19934.789999999994,67455.75,0.0,0.0,0.0,0.0
2025-08-04,68853.26,101,681.7154455445544,0,0,8,3,4,216,32,0,0,0,111873.75,111342.06,74055.51,55322.08,50060.08,38615.49,95167.22,69879.80285714286,63550.638571428564,60997.16066666666,30819.645170692005,28129.819091003166,1.6009454152111,15852.759999999995,70531.07,0.0,0.0,0.0,0.0
2025-08-05,67923.23,97,700.2394845360824,1,0,8,3,5,217,32,0,0,0,68853.26,111873.75,111342.06,34283.26,29151.76,30488.43,87610.96,71812.82857142857,64893.008571428574,60120.028666666665,30171.933832762796,27883.856109021996,0.9587877454445927,13531.179999999993,-26313.960000000006,0.0,0.0,0.0,0.0
2025-08-06,60134.28,99,607.4169696969697,2,0,8,3,6,218,32,0,0,0,67923.23,68853.26,111873.75,48163.72,45313.69,54674.86,53927.47,76618.53857142858,67662.39928571429,59463.77099999999,25518.196340756196,25917.019434929516,0.8865116885083476,33639.969999999994,-19687.73000000001,0.0,0.0,0.0,0.0
2025-08-07,85783.28,110,779.848,3,0,8,3,7,219,32,0,0,0,60134.28,67923.23,68853.26,54118.24,39954.979999999996,39689.76,45827.69,78328.61857142857,68721.01285714285,59670.664666666664,23624.329028864493,25227.447123213118,0.7677178673228131,11970.559999999998,6206.809999999998,0.0,0.0,0.0,0.0
2025-08-08,69893.35,106,659.3712264150944,4,0,8,3,8,220,32,0,0,0,85783.28,60134.28,67923.23,74055.51,48641.549999999996,47561.5,32223.24,82852.19571428571,71994.46285714286,61002.51766666667,21114.14939345724,24158.34433592361,1.0353772674392485,31665.04,39955.59,0.0,0.0,0.0,0.0
2025-08-09,98992.83,113,876.0427433628319,5,1,8,3,9,221,32,0,0,0,69893.35,85783.28,60134.28,111342.06,91407.27,70190.78,42129.76,82257.60142857142,73512.44857142857,62258.188,21458.94931333583,23227.84969883544,0.8496886462303573,-4162.159999999989,37670.11,0.0,0.0,0.0,0.0
2025-08-10,134482.23,152,884.7515131578948,6,1,8,3,10,222,32,0,0,0,98992.83,69893.35,85783.28,111873.75,96020.99,95807.59,40557.84,80493.42571428571,74054.27428571429,64153.62366666667,19040.723756738626,23759.76588451698,1.2298250338031003,-12349.229999999996,56863.07,0.0,0.0,0.0,0.0
2025-08-11,71976.57,113,636.9607964601771,0,0,8,3,11,223,33,0,0,0,134482.23,98992.83,69893.35,68853.26,55322.08,50060.08,86421.15,83723.20857142856,76801.50571428573,67284.43666666666,25924.058073139644,28287.24023132004,1.6062718127347533,22608.48000000001,93924.39000000001,0.0,0.0,0.0,0.0
2025-08-12,63567.47,104,611.225673076923,1,0,8,3,12,224,33,0,0,0,71976.57,134482.23,98992.83,67923.23,34283.26,29151.76,79312.14,84169.39571428571,77991.11214285715,66802.95066666667,25650.910602168966,27657.63973747056,0.8551394409949753,3123.310000000012,-14444.579999999987,0.0,0.0,0.0,0.0
2025-08-13,64227.69,109,589.2448623853211,2,0,8,3,13,225,33,0,0,0,63567.47,71976.57,134482.23,60134.28,48163.72,45313.69,38615.49,83547.14428571428,80082.84142857142,66278.12833333333,26158.511531179753,25085.53972078118,0.7608574840405243,-4355.759999999995,-15744.669999999998,0.0,0.0,0.0,0.0
2025-08-14,38019.21,71,535.4818309859155,3,0,8,3,14,226,33,0,0,0,64227.69,63567.47,71976.57,85783.28,54118.24,39954.979999999996,30488.43,84131.91714285713,81230.26785714286,67131.86833333333,25587.404902726903,23850.204370036878,0.7634164557422334,4093.4100000000035,25612.200000000004,0.0,0.0,0.0,0.0
2025-08-15,64361.049999999996,99,650.1116161616161,4,0,8,3,15,227,33,0,0,0,38019.21,64227.69,63567.47,69893.35,74055.51,48641.549999999996,54674.86,77308.47857142857,80080.33714285714,67382.89433333333,30892.3704203457,25583.107299006882,0.4917857743749536,-47764.07,7530.779999999999,0.0,0.0,0.0,0.0
2025-08-16,106185.52,128,829.574375,5,1,8,3,16,228,33,0,0,0,64361.049999999996,38019.21,64227.69,98992.83,111342.06,91407.27,39689.76,76518.15000000001,79387.87571428572,67705.76733333332,31183.09034624592,25888.108845122675,0.8411213548680821,-5532.30000000001,9686.189999999995,0.0,0.0,0.0,0.0
2025-08-17,148877.04,164,907.7868292682928,6,1,8,3,17,229,33,0,0,0,106185.52,64361.049999999996,38019.21,134482.23,111873.75,96020.99,47561.5,77545.67714285714,79019.55142857143,69922.29266666666,32150.58749764447,25431.157300696468,1.3693286835883869,7192.690000000002,66495.76000000001,0.0,0.0,0.0,0.0
2025-08-18,61511.479999999996,92,668.6030434782608,0,0,8,3,18,230,34,0,0,0,148877.04,106185.52,64361.049999999996,71976.57,68853.26,55322.08,70190.78,79602.07857142857,81662.64357142858,73299.47733333333,36557.60847989854,30521.79062970173,1.8702657351642862,14394.809999999998,101315.54000000001,0.0,0.0,0.0,0.0
2025-08-19,59955.15,107,560.3285046728972,1,0,8,3,19,231,34,0,0,0,61511.479999999996,148877.04,106185.52,63567.47,67923.23,34283.26,95807.59,78107.06571428571,81138.23071428572,73010.16733333333,37130.9133522096,30820.416689814934,0.7875277279651899,-10465.090000000011,-8679.300000000003,0.0,0.0,0.0,0.0
2025-08-20,65394.57,94,695.686914893617,2,0,8,3,20,232,34,0,0,0,59955.15,61511.479999999996,148877.04,64227.69,60134.28,48163.72,50060.08,77591.02,80569.08214285715,71815.086,37390.85546967514,31154.980769175505,0.7727073313380752,-3612.3199999999997,-35852.439999999995,0.0,0.0,0.0,0.0
2025-08-21,65099.06,111,586.478018018018,3,0,8,3,21,233,34,0,0,0,65394.57,59955.15,61511.479999999996,38019.21,85783.28,54118.24,29151.76,77757.71714285715,80944.81714285714,72326.23566666666,37323.890304728324,30920.41266586113,0.8410042424452314,1166.8799999999974,15334.489999999998,0.0,0.0,0.0,0.0
2025-08-22,47473.42,81,586.0916049382715,4,0,8,3,22,234,34,0,0,0,65099.06,65394.57,59955.15,64361.049999999996,69893.35,74055.51,45313.69,81626.26714285715,79467.37285714285,73524.479,33750.97436093847,31164.640301420368,0.7975258734552558,27079.85,35947.3,0.0,0.0,0.0,0.0
2025-08-23,142144.83,156,911.1848076923076,5,1,8,3,23,235,34,0,0,0,47473.42,65099.06,65394.57,106185.52,98992.83,111342.06,39954.979999999996,79213.74857142857,77865.94928571429,73596.47,35735.96961477165,32251.535166686364,0.5993078329981025,-16887.629999999997,2159.729999999996,0.0,0.0,0.0,0.0
2025-08-24,114553.09,144,795.5075694444445,6,1,8,3,24,236,34,0,0,0,142144.83,47473.42,65099.06,148877.04,134482.23,111873.75,48641.549999999996,84350.79285714285,80948.235,77002.79833333334,42250.201446596584,36241.20306197073,1.6851629390222316,35959.30999999998,102189.84999999999,0.0,0.0,0.0,0.0
2025-08-25,81687.8,111,735.9261261261262,0,0,8,3,25,237,35,0,0,0,114553.09,142144.83,47473.42,61511.479999999996,71976.57,68853.26,91407.27,79447.37142857142,79524.72499999999,79199.84966666666,34858.5583085156,34317.01834003799,1.4418738838073397,-34323.95000000001,65911.54000000001,0.0,0.0,0.0,0.0
2025-08-26,78994.13,109,724.7167889908258,1,0,8,3,26,238,35,0,0,0,81687.8,114553.09,142144.83,59955.15,63567.47,67923.23,96020.99,82329.70285714287,80218.38428571429,78875.86733333333,33950.65782790851,34250.79301209169,0.9922032652266742,20176.320000000007,-9719.470000000001,0.0,0.0,0.0,0.0
2025-08-27,56750.27,96,591.1486458333333,2,0,8,3,27,239,35,0,0,0,78994.13,81687.8,114553.09,65394.57,64227.69,60134.28,55322.08,85049.55714285714,81320.28857142858,78308.30533333334,32595.002636053352,33920.45654024287,0.9288011913726157,19038.980000000003,-17026.86,0.0,0.0,0.0,0.0
2025-08-28,71599.08,108,662.9544444444444,3,0,8,3,28,240,35,0,0,0,56750.27,78994.13,81687.8,65099.06,38019.21,85783.28,34283.26,83814.65714285713,80786.18714285715,78355.91166666667,33611.658364829185,34267.38864672367,0.6770924314976536,-8644.300000000003,1428.189999999995,0.0,0.0,0.0,0.0
2025-08-29,76065.15,113,673.1429203539823,4,0,8,3,29,241,35,0,0,0,71599.08,56750.27,78994.13,47473.42,64361.049999999996,69893.35,48163.72,84743.23142857142,83184.74928571428,79599.77233333333,33094.24034806936,32153.6530038854,0.8448943802709336,6500.020000000004,37315.82,0.0,0.0,0.0,0.0
2025-08-30,126288.81,142,889.3578169014085,5,1,8,3,30,242,35,0,0,0,76065.15,71599.08,56750.27,142144.83,106185.52,98992.83,54118.24,88827.76428571426,84020.75642857143,80529.82,29271.31376742645,31776.525621445442,0.856321788707141,28591.729999999996,27901.429999999993,0.0,0.0,0.0,0.0
2025-08-31,115280.36,143,806.1563636363636,6,1,8,3,31,243,35,0,1,0,126288.81,76065.15,71599.08,114553.09,148877.04,134482.23,74055.51,86562.61857142857,85456.70571428572,82935.50566666666,24716.941261357875,33274.10965235323,1.458930102672313,-15856.01999999999,72170.57,0.0,0.0,0.0,0.0
2025-09-01,63220.56,88,718.4154545454545,0,0,9,3,1,244,36,1,0,0,115280.36,126288.81,76065.15,81687.8,61511.479999999996,71976.57,111342.06,86666.51428571428,83056.94285714286,84309.66733333333,24855.34729065015,29325.560313741382,1.3301603387434375,727.2700000000041,41224.850000000006,0.0,0.0,0.0,0.0
2025-09-02,59707.57,95,628.5007368421053,1,0,9,3,2,245,36,0,0,0,63220.56,115280.36,126288.81,78994.13,59955.15,63567.47,111873.75,84028.33714285714,83179.02,82705.61733333333,26403.708892257135,29232.380381267936,0.7523719039270947,-18467.240000000005,-48121.5,0.0,0.0,0.0,0.0
2025-09-03,69306.87,112,618.8113392857142,2,0,9,3,3,246,36,0,0,0,59707.57,63220.56,115280.36,56750.27,65394.57,64227.69,68853.26,81273.1142857143,83161.33571428571,80966.74466666667,27976.039633689463,29247.581444871306,0.7346534032164472,-19286.560000000005,-52166.18,0.0,0.0,0.0,0.0
2025-09-04,75172.46,106,709.1741509433963,3,0,9,3,4,247,36,0,0,0,69306.87,59707.57,63220.56,71599.08,65099.06,38019.21,67923.23,83066.91428571427,83440.78571428571,80981.86499999999,26505.502079375205,29082.995598689286,0.8343498804062167,12556.599999999999,453.6100000000006,0.0,0.0,0.0,0.0
2025-09-05,66120.05,104,635.7697115384616,4,0,9,3,5,248,36,0,0,0,75172.46,69306.87,59707.57,76065.15,47473.42,64361.049999999996,60134.28,83577.39714285715,84160.31428571428,81223.506,26281.28890456463,28716.607949651643,0.8994352847757192,3573.3800000000047,7249.2300000000105,0.0,0.0,0.0,0.0
2025-09-06,135884.49,155,876.674129032258,5,1,9,3,6,249,36,0,0,0,66120.05,75172.46,69306.87,126288.81,142144.83,106185.52,85783.28,82156.66857142856,85492.21642857142,81423.03166666668,27013.67771866163,27280.669226022022,0.8048044200150737,-9945.099999999991,5985.770000000004,0.0,0.0,0.0,0.0
2025-09-07,114465.72,167,685.4234730538922,6,1,9,3,7,250,36,0,0,0,135884.49,66120.05,75172.46,115280.36,114553.09,148877.04,69893.35,83527.48,85045.04928571428,83093.072,29733.01118259638,26314.83504870633,1.6268237710511362,9595.679999999993,50101.20999999999,0.0,0.0,0.0,0.0
2025-09-08,72871.06,83,877.964578313253,0,0,9,3,8,251,37,0,0,0,114465.72,135884.49,66120.05,63220.56,81687.8,61511.479999999996,98992.83,83411.10285714285,85038.80857142856,84578.81766666667,29589.261071189187,26307.308023202306,1.3723079551656645,-814.6399999999994,44572.369999999995,0.0,0.0,0.0,0.0
2025-09-09,54534.3,97,562.2092783505155,1,0,9,3,9,252,37,0,0,0,72871.06,114465.72,135884.49,59707.57,78994.13,59955.15,134482.23,84789.74571428572,84409.04142857142,83708.092,28703.298631880214,26498.53446492114,0.8594324630427749,9650.5,-26121.770000000004,0.0,0.0,0.0,0.0
2025-09-10,64725.51,103,628.4030097087378,2,0,9,3,10,253,37,0,0,0,54534.3,72871.06,114465.72,69306.87,56750.27,65394.57,71976.57,84050.70714285714,82661.91071428571,81043.16100000001,29511.944827032185,27663.75671640464,0.6488261890207527,-5173.269999999997,-79947.93000000001,0.0,0.0,0.0,0.0
2025-09-11,84446.35,118,715.6470338983052,3,0,9,3,11,254,37,0,0,0,64725.51,54534.3,72871.06,75172.46,71599.08,65099.06,63567.47,83396.22714285714,83231.57071428571,80801.45899999999,29941.090570388245,27166.782367295964,0.7761203620054045,-4581.359999999993,-7251.060000000005,0.0,0.0,0.0,0.0
2025-09-12,57391.26,106,541.4269811320755,4,0,9,3,12,255,37,0,0,0,84446.35,64725.51,54534.3,66120.05,76065.15,47473.42,64227.69,84721.06857142856,84149.23285714284,81497.42166666666,29720.922500219414,26959.81943227777,0.9967573759861404,9273.89,20878.880000000005,0.0,0.0,0.0,0.0
2025-09-13,120579.94,130,927.538,5,1,9,3,13,256,37,0,0,0,57391.26,84446.35,64725.51,135884.49,126288.81,142144.83,38019.21,83474.09857142856,82815.38357142857,81269.54066666667,30795.117066872506,27838.190135989753,0.6875337497761628,-8728.79,-6836.43,0.0,0.0,0.0,0.0
2025-09-14,119225.82,137,870.2614598540147,6,1,9,3,14,257,37,0,0,0,120579.94,57391.26,84446.35,114465.72,115280.36,114553.09,64361.049999999996,81287.7342857143,82407.60714285714,84021.565,26728.78731465254,27186.588555621274,1.483371889492921,-15304.549999999988,82560.73000000001,0.0,0.0,0.0,0.0
2025-09-15,89032.78,118,754.5150847457627,0,0,9,3,15,258,38,0,0,0,119225.82,120579.94,57391.26,72871.06,63220.56,81687.8,106185.52,81967.74857142857,82689.42571428571,85850.39066666666,27754.432389191752,27571.290500879502,1.454545502077594,4760.100000000006,54864.77000000001,0.0,0.0,0.0,0.0
2025-09-16,62856.33,98,641.3911224489796,1,0,9,3,16,259,38,0,0,0,89032.78,119225.82,120579.94,54534.3,59707.57,78994.13,148877.04,84276.56571428571,84533.1557142857,85278.63266666667,27543.001450472497,27026.908849548086,1.0564357866911396,16161.720000000001,-17152.740000000005,0.0,0.0,0.0,0.0
2025-09-17,72260.88,112,645.1864285714286,2,0,9,3,17,260,38,0,0,0,62856.33,89032.78,119225.82,64725.51,69306.87,56750.27,61511.479999999996,85465.42714285715,84758.06714285715,82411.27566666667,26191.703397470326,26816.70877009833,0.7354591453095257,8322.029999999999,-86020.71,0.0,0.0,0.0,0.0
2025-09-18,58675.89,91,644.79,3,0,9,3,18,261,38,0,0,0,72260.88,62856.33,89032.78,84446.35,75172.46,71599.08,59955.15,86541.90857142859,84969.06785714286,82769.58899999999,25338.16678931638,26697.137840685988,0.8349813540379414,7535.370000000003,10749.400000000009,0.0,0.0,0.0,0.0
2025-09-19,52261.03,92,568.0546739130434,4,0,9,3,19,262,38,0,0,0,58675.89,72260.88,62856.33,57391.26,66120.05,76065.15,65394.57,82860.41428571429,83790.74142857142,82726.947,27475.401123932603,27514.33546270936,0.708129334203865,-25770.460000000006,-1279.260000000002,0.0,0.0,0.0,0.0
2025-09-20,122367.48,130,941.2883076923076,5,1,9,3,20,263,38,0,0,0,52261.03,58675.89,72260.88,120579.94,135884.49,126288.81,65099.06,82127.52428571429,82800.81142857143,82289.16233333334,28323.34315806364,28432.987931065047,0.6363400145630583,-5130.230000000003,-13133.54,0.0,0.0,0.0,0.0
2025-09-21,116092.81,139,835.200071942446,6,1,9,3,21,264,38,0,0,0,122367.48,52261.03,58675.89,119225.82,114465.72,115280.36,47473.42,82382.88714285714,81835.3107142857,84198.10966666667,28732.907661768684,26666.380567329892,1.4853507110985993,1787.5399999999936,57268.42,0.0,0.0,0.0,0.0
2025-09-22,76290.46,101,755.351089108911,0,0,9,3,22,265,39,0,0,0,116092.81,122367.48,52261.03,89032.78,72871.06,63220.56,142144.83,81935.31428571428,81951.53142857143,86485.42266666667,28080.345568504497,26822.621951940233,1.4168836845511408,-3133.0100000000093,68619.39,0.0,0.0,0.0,0.0
2025-09-23,77388.42,115,672.9427826086957,1,0,9,3,23,266,39,0,0,0,76290.46,116092.81,122367.48,62856.33,54534.3,59707.57,114553.09,80114.98285714285,82195.77428571427,84290.277,27956.305067767073,26749.043452668546,0.9522620773200001,-12742.319999999992,-65854.36999999998,0.0,0.0,0.0,0.0
2025-09-24,43606.31,83,525.3772289156626,2,0,9,3,24,267,39,0,0,0,77388.42,76290.46,116092.81,72260.88,64725.51,69306.87,81687.8,82190.99571428572,83828.21142857145,83051.45466666667,26983.74263373467,25603.925201541293,0.9415681039930275,14532.089999999997,-37164.67,0.0,0.0,0.0,0.0
2025-09-25,79467.95,127,625.7318897637795,3,0,9,3,25,268,39,0,0,0,43606.31,77388.42,76290.46,58675.89,84446.35,75172.46,78994.13,78097.48571428572,82319.69714285714,81782.07166666667,30663.787556530435,27376.748068103472,0.5583574119086256,-28654.570000000007,-38081.490000000005,0.0,0.0,0.0,0.0
2025-09-26,57827.15,90,642.5238888888889,4,0,9,3,26,269,39,0,0,0,79467.95,43606.31,77388.42,52261.03,57391.26,66120.05,56750.27,81067.78,81964.09714285715,81797.86566666668,29452.01877386113,27379.332242446184,0.9802655259586363,20792.059999999998,473.81999999999243,0.0,0.0,0.0,0.0
2025-09-27,102749.17,130,790.3782307692308,5,1,9,3,27,270,39,0,0,0,57827.15,79467.95,43606.31,122367.48,120579.94,135884.49,71599.08,81862.93999999999,81995.23214285714,81833.76166666667,28607.69284764272,27349.470763044086,0.7063898511340944,5566.120000000003,1076.8800000000047,0.0,0.0,0.0,0.0
2025-09-28,138177.29,154,897.25512987013,6,1,9,3,28,271,39,0,0,0,102749.17,57827.15,79467.95,116092.81,119225.82,114465.72,76065.15,79060.32428571429,80721.60571428572,82872.098,24667.9103273125,25784.838537829448,1.2996300094681603,-19618.309999999998,31150.089999999997,0.0,0.0,0.0,0.0
2025-09-29,66382.83,107,620.4002803738318,0,0,9,3,29,272,40,0,0,0,138177.29,102749.17,57827.15,76290.46,89032.78,72871.06,126288.81,82215.25,82075.28214285713,84942.50266666667,30834.965387647757,28333.290639809402,1.6806771249859158,22084.48000000001,62112.140000000014,0.0,0.0,0.0,0.0
2025-09-30,72326.75,100,723.2675,1,0,9,3,30,273,40,0,1,0,66382.83,138177.29,102749.17,77388.42,62856.33,54534.3,115280.36,80799.87428571428,80457.42857142857,82945.63666666667,31374.910120372682,28551.278612837556,0.8215709564753111,-9907.630000000005,-59905.979999999996,0.0,0.0,0.0,0.0
2025-10-01,134581.87,209,643.9323923444975,2,0,10,4,1,274,40,1,0,1,72326.75,66382.83,138177.29,43606.31,72260.88,64725.51,63220.56,80076.77857142857,81133.88714285714,81513.84966666668,31524.608518061726,28212.360291585635,0.9032175281062731,-5061.669999999998,-42953.61,0.0,0.0,0.0,0.0
2025-10-02,126196.98,210,600.938,3,0,10,4,2,275,40,0,0,1,134581.87,72326.75,66382.83,79467.95,58675.89,84446.35,59707.57,93073.28714285714,85585.38642857144,83892.56,32713.786395007704,31437.01801913363,1.4459774026615215,90975.56,71361.31,0.0,0.0,0.0,0.0
2025-10-03,138904.4,211,658.314691943128,4,0,10,4,3,276,40,0,0,1,126196.98,134581.87,72326.75,57827.15,52261.03,57391.26,69306.87,99748.86285714286,90408.32142857143,86108.87366666668,34208.38487294341,32162.149315056387,1.265147054164758,46729.03,66489.41,0.0,0.0,0.0,0.0
2025-10-04,244551.54,280,873.3983571428572,5,1,10,4,4,277,40,0,0,1,138904.4,126196.98,134581.87,102749.17,122367.48,120579.94,75172.46,111331.32714285715,96597.13357142858,88428.79133333334,31246.15523349108,32590.32924568446,1.247666793927289,81077.25,69597.53,0.0,0.0,0.0,0.0
2025-10-05,220820.01,271,814.8339852398524,6,1,10,4,5,278,40,0,0,1,244551.54,138904.4,126196.98,138177.29,116092.81,119225.82,66120.05,131588.80857142858,105324.56642857144,94074.76066666668,58678.994136073175,51116.55364207951,1.8584524220177245,141802.37,169379.08000000002,0.0,0.0,0.0,0.0
2025-10-06,120348.04,195,617.1694358974358,0,0,10,4,6,279,41,0,0,1,220820.01,244551.54,138904.4,66382.83,76290.46,89032.78,135884.49,143394.91142857145,112805.08071428572,99231.42599999999,67826.31849690976,59747.90362052061,1.5399431388469764,82642.72,154699.96000000002,0.0,0.0,0.0,0.0
2025-10-07,119052.36,200,595.2618,1,0,10,4,7,280,41,0,0,1,120348.04,220820.01,244551.54,72326.75,77388.42,62856.33,114465.72,151104.22714285715,115952.05071428572,98713.54433333334,60258.77479708095,58829.9287110778,0.7964571360814388,53965.20999999999,-15536.449999999997,0.0,0.0,0.0,0.0
2025-10-08,117567.49,172,683.5319186046512,2,0,10,4,8,281,41,0,0,1,119052.36,120348.04,220820.01,134581.87,43606.31,72260.88,72871.06,157779.31428571427,118928.04642857143,98866.43233333333,52115.66207975733,57773.39902576635,0.754549863136137,46725.61,4586.639999999999,0.0,0.0,0.0,0.0
2025-10-09,109984.81,163,674.753435582822,3,0,10,4,9,282,41,0,0,1,117567.49,119052.36,120348.04,126196.98,79467.95,58675.89,54534.3,155348.6885714286,124210.98785714286,100356.31333333332,53749.05767472339,53585.8102687984,0.756797441170173,-17014.37999999999,44696.43000000001,0.0,0.0,0.0,0.0
2025-10-10,138917.84,177,784.8465536723164,4,0,10,4,10,283,41,0,0,1,109984.81,117567.49,119052.36,138904.4,57827.15,52261.03,64725.51,153032.6642857143,126390.76357142857,102204.66366666667,55534.191858845144,52229.25248552744,0.7187015302475293,-16212.169999999998,55450.509999999995,0.0,0.0,0.0,0.0
2025-10-11,232179.88,260,892.9995384615385,5,1,10,4,11,284,41,0,0,1,138917.84,109984.81,117567.49,244551.54,102749.17,122367.48,84446.35,153034.58428571429,132182.95571428572,104677.74133333334,55533.62221749832,48396.51789600544,0.9077545487406994,13.440000000002328,74192.32999999999,0.0,0.0,0.0,0.0
2025-10-12,242486.5,277,875.4025270758123,6,1,10,4,12,285,41,0,0,1,232179.88,138917.84,109984.81,220820.01,138177.29,116092.81,57391.26,151267.20428571428,141428.00642857145,109602.19233333334,52234.50074043549,54338.92352289488,1.5348989960934025,-12371.660000000003,147733.53,0.0,0.0,0.0,0.0
2025-10-13,160769.92,223,720.9413452914799,0,0,10,4,13,286,42,0,0,1,242486.5,232179.88,138917.84,120348.04,66382.83,76290.46,120579.94,154362.41714285713,148878.6642857143,115772.03366666666,57426.711460607636,60644.247400290835,1.5708907938101637,21666.48999999999,185095.24,0.0,0.0,0.0,0.0
2025-10-14,106744.14,168,635.3817857142857,1,0,10,4,14,287,42,0,0,1,160769.92,242486.5,232179.88,119052.36,72326.75,77388.42,119225.82,160136.97142857144,155620.5992857143,117111.69966666667,55434.079522643304,55822.4584788287,1.003952544910654,40421.88000000002,40189.98000000001,0.0,0.0,0.0,0.0
2025-10-15,121560.5,181,671.6049723756906,2,0,10,4,15,288,42,0,0,1,106744.14,160769.92,242486.5,117567.49,134581.87,43606.31,89032.78,158378.6542857143,158078.9842857143,116695.64366666667,57123.886470015816,52533.02336203453,0.673980597204933,-12308.220000000001,-12481.680000000008,0.0,0.0,0.0,0.0
2025-10-16,125910.11,201,626.4184577114428,3,0,10,4,16,289,42,0,0,1,121560.5,106744.14,160769.92,109984.81,126196.98,79467.95,62856.33,158949.08428571429,157148.88642857145,117779.901,56666.53635464282,53093.32511477737,0.7647763467544847,3993.0099999999948,32527.72,0.0,0.0,0.0,0.0
2025-10-17,114344.74,205,557.7792195121951,4,0,10,4,17,290,42,0,0,1,125910.11,121560.5,106744.14,138917.84,138904.4,57827.15,72260.88,161224.12714285715,157128.39571428573,119881.69366666667,54657.14497377402,53106.24329201928,0.7809631984450631,15925.300000000003,63053.78,0.0,0.0,0.0,0.0
2025-10-18,214103.03,247,866.8138866396761,5,1,10,4,18,291,42,0,0,1,114344.74,125910.11,121560.5,232179.88,244551.54,102749.17,58675.89,157713.6842857143,155374.13428571427,121284.489,57064.6782308203,54149.92940398286,0.7250147031810646,-24573.09999999999,42083.86,0.0,0.0,0.0,0.0
2025-10-19,221920.34,274,809.9282481751825,6,1,10,4,19,292,42,0,0,1,214103.03,114344.74,125910.11,242486.5,220820.01,138177.29,52261.03,155131.27714285714,153199.24071428573,126465.39366666669,53426.159679955956,50800.54840797475,1.380140961534376,-18076.850000000006,155427.14,0.0,0.0,0.0,0.0
2025-10-20,108470.27,177,612.826384180791,0,0,10,4,20,293,43,0,0,1,221920.34,214103.03,114344.74,160769.92,120348.04,66382.83,122367.48,152193.2542857143,153277.83571428573,132120.704,48124.05382210913,50913.93863024126,1.458148332799197,-20566.160000000003,169659.31,0.0,0.0,0.0,0.0
2025-10-21,134296.54,203,661.5593103448276,1,0,10,4,21,294,43,0,0,1,108470.27,221920.34,214103.03,106744.14,119052.36,72326.75,116092.81,144721.8757142857,152429.42357142858,131657.46366666668,50568.33168003228,51599.2308858371,0.7495084586530963,-52299.65000000001,-13897.209999999992,0.0,0.0,0.0,0.0
2025-10-22,109652.63,170,645.0154705882353,2,0,10,4,22,295,43,0,0,1,134296.54,108470.27,221920.34,121560.5,117567.49,134581.87,76290.46,148657.93285714285,153518.2935714286,132264.25466666667,48133.2670948744,50998.05601711036,0.9033930273270735,27552.40000000001,18203.73000000001,0.0,0.0,0.0,0.0
2025-10-23,113773.59,196,580.4775,3,0,10,4,23,296,43,0,0,1,109652.63,134296.54,108470.27,125910.11,109984.81,126196.98,77388.42,146956.80857142858,152952.94642857142,133376.327,49443.15662799226,51468.947955546224,0.746155493344852,-11907.869999999995,33362.17,0.0,0.0,0.0,0.0
2025-10-24,126375.96,207,610.5118840579711,4,0,10,4,24,297,43,0,0,1,113773.59,109652.63,134296.54,114344.74,138917.84,138904.4,43606.31,145223.02,153223.5735714286,134589.166,50505.568568179966,51235.068911504386,0.7834404628136726,-12136.520000000004,36385.17,0.0,0.0,0.0,0.0
2025-10-25,255963.49,281,910.902099644128,5,1,10,4,25,298,43,0,0,1,126375.96,113773.59,109652.63,214103.03,232179.88,244551.54,79467.95,146941.76571428572,152327.725,137348.15433333334,49473.79714799094,51612.702997308465,0.8600411148299741,12031.220000000001,82769.65000000001,0.0,0.0,0.0,0.0
2025-10-26,228294.29,273,836.2428205128206,6,1,10,4,26,299,43,0,0,1,255963.49,126375.96,113773.59,221920.34,242486.5,220820.01,57827.15,152921.83142857143,154026.55428571432,143231.339,60291.94566107462,54739.8921296484,1.6738191506655924,41860.45999999999,176495.53999999998,0.0,0.0,0.0,0.0
2025-10-27,104312.11,191,546.1367015706807,0,0,10,4,27,300,44,0,0,1,228294.29,255963.49,126375.96,108470.27,160769.92,120348.04,102749.17,153832.39571428573,153012.825,148913.57700000002,61542.8329219836,53081.992302328974,1.4840456000179023,6373.950000000012,170467.14,0.0,0.0,0.0,0.0
2025-10-28,111045.45,171,649.3885964912281,1,0,10,4,28,301,44,0,0,1,104312.11,228294.29,255963.49,134296.54,106744.14,119052.36,138177.29,153238.37285714288,148980.1242857143,148965.67500000002,62071.44795878551,54571.042233712236,0.6807179432611487,-4158.1600000000035,1562.9400000000023,0.0,0.0,0.0,0.0
2025-10-29,163299.63,219,745.6604109589041,2,0,10,4,29,302,44,0,0,1,111045.45,104312.11,228294.29,109652.63,121560.5,117567.49,66382.83,149916.78857142857,149287.36071428572,148061.28033333333,63850.61623596185,54326.52141776569,0.7407139057483955,-23251.09000000001,-27131.84000000001,0.0,0.0,0.0,0.0
2025-10-30,110120.49,192,573.54421875,3,0,10,4,30,303,44,0,0,1,163299.63,111045.45,104312.11,113773.59,125910.11,109984.81,72326.75,157580.64571428573,152268.72714285715,151291.84033333333,61384.25720732031,53830.894279529595,1.0362924282978414,53647.0,96916.8,0.0,0.0,0.0,0.0
2025-10-31,115788.37,194,596.847268041237,4,0,10,4,31,304,44,0,1,1,110120.49,163299.63,111045.45,126375.96,114344.74,138917.84,134581.87,157058.7742857143,151140.89714285714,152551.63166666668,61832.65587982984,54585.738145517316,0.7011419164628971,-3653.0999999999913,37793.740000000005,0.0,0.0,0.0,0.0
2025-11-01,267777.9,279,959.7774193548388,5,1,11,4,1,305,44,1,0,1,115788.37,110120.49,163299.63,255963.49,214103.03,232179.88,126196.98,155546.2614285714,151244.01357142857,151925.18166666667,62829.74522513765,54512.19457679428,0.7443982834211068,-10587.590000000011,-18793.5,0.0,0.0,0.0,0.0
2025-11-02,272009.6,259,1050.2301158301157,6,1,11,4,2,306,44,0,0,1,267777.9,115788.37,110120.49,228294.29,221920.34,242486.5,138904.4,157234.0342857143,155077.93285714285,156644.54566666667,66052.80989768002,60798.3029046081,1.703053039480064,11814.410000000033,141580.92000000004,0.0,0.0,0.0,0.0
2025-11-03,128917.12,181,712.2492817679557,0,0,11,4,3,307,45,0,0,1,272009.6,267777.9,115788.37,104312.11,108470.27,160769.92,244551.54,163479.07857142857,158655.73714285716,161081.38566666667,75309.0395948756,66262.60988156048,1.6638801880764806,43715.30999999997,133105.19999999998,0.0,0.0,0.0,0.0
2025-11-04,156177.58,185,844.2031351351351,1,0,11,4,4,308,45,0,0,1,128917.12,272009.6,267777.9,111045.45,134296.54,106744.14,220820.01,166994.08000000002,160116.22642857142,157226.905,72613.15403478441,65289.57798794856,0.7719861686114814,24605.009999999995,-115634.42000000001,0.0,0.0,0.0,0.0
2025-11-05,144905.69,188,770.7749468085107,2,0,11,4,5,309,45,0,0,1,156177.58,128917.12,272009.6,163299.63,109652.63,121560.5,120348.04,173441.52714285717,161679.15785714285,155072.15733333334,68716.544931612,64884.59286319361,0.9004624358004042,45132.12999999999,-64642.43000000002,0.0,0.0,0.0,0.0
2025-11-06,160923.96,207,777.4104347826086,3,0,11,4,6,310,45,0,0,1,144905.69,156177.58,128917.12,110120.49,113773.59,125910.11,119052.36,170813.82142857142,164197.23357142857,155890.74566666663,69516.04532596612,63376.74581551395,0.8483253216168684,-18393.940000000002,24557.65000000001,0.0,0.0,0.0,0.0
2025-11-07,151511.68,194,780.9880412371134,4,0,11,4,7,311,45,0,0,1,160923.96,144905.69,156177.58,115788.37,126375.96,114344.74,117567.49,178071.46,167565.1171428571,157286.46566666669,64601.72727607491,61722.286440325464,0.9037043892378885,50803.46999999999,41871.59999999999,0.0,0.0,0.0,0.0
2025-11-08,296803.66000000003,285,1041.416350877193,5,1,11,4,8,312,45,0,0,1,151511.68,160923.96,144905.69,267777.9,255963.49,214103.03,109984.81,183174.79,169360.5257142857,158417.93866666668,60116.871975056725,60790.53927867918,0.8271426433735732,35723.31,33944.18999999999,0.0,0.0,0.0,0.0
2025-11-09,247758.72,261,949.2671264367816,6,1,11,4,9,313,45,0,0,1,296803.66000000003,151511.68,160923.96,272009.6,228294.29,221920.34,138917.84,187321.32714285716,172277.68071428573,164645.2336666667,67475.56009432515,66020.9218602953,1.5844627225689396,29025.76000000001,186818.85000000003,0.0,0.0,0.0,0.0
2025-11-10,112034.85,165,678.9990909090909,0,0,11,4,10,314,46,0,0,1,247758.72,296803.66000000003,151511.68,128917.12,104312.11,108470.27,232179.88,183856.91571428571,173667.99714285714,168273.26299999998,62867.9398027791,67480.12394639068,1.347562690462058,-24250.879999999976,108840.88,0.0,0.0,0.0,0.0
2025-11-11,127877.58,180,710.431,1,0,11,4,11,315,46,0,0,1,112034.85,247758.72,296803.66000000003,156177.58,111045.45,134296.54,242486.5,181445.1628571429,174219.62142857144,164268.42866666664,65591.63975907717,66898.61350528718,0.6174584554133732,-16882.26999999999,-120145.03,0.0,0.0,0.0,0.0
2025-11-12,162855.28,202,806.2142574257425,2,0,11,4,12,316,46,0,0,1,127877.58,112034.85,247758.72,144905.69,163299.63,109652.63,160769.92,177402.30571428573,175421.91642857142,160448.13133333332,68227.80661172142,65818.45079075171,0.7208338103899946,-28299.999999999985,-114608.92,0.0,0.0,0.0,0.0
2025-11-13,143706.66,198,725.7912121212121,3,0,11,4,13,317,46,0,0,1,162855.28,127877.58,112034.85,160923.96,110120.49,113773.59,106744.14,179966.53285714285,175390.17714285714,160517.64333333334,67131.41424182833,65824.8529508129,0.904919806002338,17949.589999999997,2085.359999999986,0.0,0.0,0.0,0.0
2025-11-14,146762.18,189,776.5194708994709,4,0,11,4,14,318,46,0,0,1,143706.66,162855.28,127877.58,151511.68,115788.37,126375.96,121560.5,177506.9185714286,177789.18928571427,161749.72733333334,68251.46097362172,63845.357657331224,0.8095834300800607,-17217.29999999999,36962.520000000004,0.0,0.0,0.0,0.0
2025-11-15,268183.21,276,971.6782971014494,5,1,11,4,15,319,46,0,0,1,146762.18,143706.66,162855.28,296803.66000000003,267777.9,255963.49,125910.11,176828.41857142857,180001.6042857143,162589.78333333333,68575.79205508415,62042.80954951614,0.82996941999295,-4749.5,25201.679999999993,0.0,0.0,0.0,0.0
2025-11-16,280741.59,265,1059.4022264150944,6,1,11,4,16,320,46,0,0,1,268183.21,146762.18,143706.66,247758.72,272009.6,228294.29,114344.74,172739.78285714285,180030.555,167332.22,60622.405515587096,62086.997636308006,1.5525271918501142,-28620.45000000001,142273.10000000003,0.0,0.0,0.0,0.0
2025-11-17,149002.44,180,827.7913333333333,0,0,11,4,17,321,47,0,0,1,280741.59,268183.21,146762.18,112034.85,128917.12,104312.11,214103.03,177451.62142857144,180654.26857142855,172878.78166666665,68229.50945154921,63117.387688687195,1.582073963257663,32982.870000000024,166396.85000000003,0.0,0.0,0.0,0.0
2025-11-18,130220.26,170,766.0015294117646,1,0,11,4,18,322,47,0,0,1,149002.44,280741.59,268183.21,127877.58,156177.58,111045.45,221920.34,182732.7057142857,182088.9342857143,170708.76200000002,63595.55637147188,62070.52450610646,0.8154119943529653,36967.59,-65100.59,0.0,0.0,0.0,0.0
2025-11-19,136988.63999999998,183,748.5718032786884,2,0,11,4,19,323,47,0,0,1,130220.26,149002.44,280741.59,162855.28,144905.69,163299.63,108470.27,183067.3742857143,180234.84000000003,167652.09266666666,63264.07202825728,63279.954253711934,0.7113242351789226,2342.679999999993,-91700.08,0.0,0.0,0.0,0.0
2025-11-20,131167.4,171,767.0608187134502,3,0,11,4,20,324,47,0,0,1,136988.63999999998,130220.26,149002.44,143706.66,160923.96,110120.49,134296.54,179372.13999999998,179669.33642857143,168602.70500000002,65362.061575700245,63654.22929283447,0.7637119120059517,-25866.640000000014,28518.36999999998,0.0,0.0,0.0,0.0
2025-11-21,146502.7,179,818.4508379888268,4,0,11,4,21,325,47,0,0,1,131167.4,136988.63999999998,130220.26,146762.18,151511.68,115788.37,109652.63,177580.81714285718,177543.86785714288,168498.40033333332,66661.33711072875,64814.524640012474,0.7386349613116149,-12539.26000000001,-3129.140000000014,0.0,0.0,0.0,0.0
2025-11-22,265773.42,255,1042.2487058823529,5,1,11,4,22,326,47,0,0,1,146502.7,131167.4,136988.63999999998,268183.21,296803.66000000003,267777.9,113773.59,177543.74857142856,177186.08357142858,169726.736,66681.39988481354,64982.88592391933,0.8251639451053886,-259.4799999999814,36850.07000000001,0.0,0.0,0.0,0.0
2025-11-23,229616.44,261,879.7564750957855,6,1,11,4,23,327,47,0,0,1,265773.42,146502.7,131167.4,280741.59,247758.72,272009.6,126375.96,177199.49285714285,174969.63785714284,174793.397,66139.48381003202,60995.99971840334,1.4998542925529894,-2409.7900000000373,151999.83,0.0,0.0,0.0,0.0
2025-11-24,121445.7,191,635.8413612565445,0,0,11,4,24,328,48,0,0,1,229616.44,265773.42,146502.7,149002.44,112034.85,128917.12,255963.49,169895.89999999997,173673.76071428572,178234.74633333334,54619.534201939096,59505.11813842741,1.3515125438577311,-51125.15000000002,103240.48,0.0,0.0,0.0,0.0
2025-11-25,119935.66,178,673.7958426966293,1,0,11,4,25,329,48,0,0,1,121445.7,229616.44,265773.42,130220.26,127877.58,156177.58,228294.29,165959.22285714283,174345.9642857143,173750.81999999998,57303.525661456915,58804.275816303,0.7317803609175692,-27556.740000000005,-134517.78999999998,0.0,0.0,0.0,0.0
2025-11-26,146560.78,208,704.6191346153846,2,0,11,4,26,330,48,0,0,1,119935.66,121445.7,229616.44,136988.63999999998,162855.28,144905.69,104312.11,164489.9942857143,173778.6842857143,170138.86566666665,58492.09172072599,59323.05446749861,0.7291365077907083,-10284.599999999991,-108358.63,0.0,0.0,0.0,0.0
2025-11-27,134405.01,191,703.6911518324608,3,0,11,4,27,331,48,0,0,1,146560.78,119935.66,121445.7,131167.4,143706.66,160923.96,111045.45,165857.44285714286,172614.79142857142,171547.15466666667,57850.36962051482,59712.420295404794,0.8836551286169024,9572.140000000014,42248.67,0.0,0.0,0.0,0.0
2025-11-28,164702.44,187,880.7617112299465,4,0,11,4,28,332,48,0,0,1,134405.01,146560.78,119935.66,146502.7,146762.18,151511.68,163299.63,166319.95857142858,171950.38785714286,172325.80666666667,57538.90076154573,60109.24546357457,0.8081111320279519,3237.610000000015,23359.560000000012,0.0,0.0,0.0,0.0
2025-11-29,230328.88,261,882.4861302681993,5,1,11,4,29,333,48,0,0,1,164702.44,134405.01,146560.78,265773.42,268183.21,296803.66000000003,110120.49,168919.92142857143,173231.835,172372.567,56901.85202919505,59720.93790209047,0.9750326581204588,18199.73999999999,1402.8099999999977,0.0,0.0,0.0,0.0
2025-11-30,245640.86,263,933.9956653992394,6,1,11,4,30,334,48,0,1,1,230328.88,164702.44,134405.01,229616.44,280741.59,247758.72,115788.37,163856.41571428574,170527.95428571428,176379.51333333334,47675.83413461153,55820.888598659694,1.4056750783662937,-35444.53999999998,120208.39,0.0,0.0,0.0,0.0
2025-12-01,125674.7,181,694.3353591160221,0,0,12,4,1,335,49,1,0,1,245640.86,230328.88,164702.44,121445.7,149002.44,112034.85,267777.9,166145.61857142858,168020.75928571427,180707.9296666667,51584.142181493546,51076.51092234173,1.4784672753461368,16024.419999999984,129852.48999999999,0.0,0.0,0.0,0.0
2025-12-02,129617.79,183,708.2939344262295,1,0,12,4,2,336,49,0,0,1,125674.7,245640.86,230328.88,119935.66,130220.26,127877.58,272009.6,166749.76142857145,166354.49214285714,175971.15633333332,50994.77090379505,52114.630756777195,0.7536724426069598,4229.0,-142103.2,0.0,0.0,0.0,0.0
2025-12-03,170909.66,218,783.9892660550458,2,0,12,4,3,337,49,0,0,1,129617.79,125674.7,245640.86,146560.78,136988.63999999998,162855.28,128917.12,168132.92285714284,166311.45857142858,171224.76266666668,49626.322346829395,52147.00244445157,0.7709245030500738,9682.12999999999,-142391.81,0.0,0.0,0.0,0.0
2025-12-04,153080.13,190,805.6848947368421,3,0,12,4,4,338,49,0,0,1,170909.66,129617.79,125674.7,134405.01,131167.4,143706.66,156177.58,171611.33428571426,168734.38857142857,172624.514,48707.098588185174,51463.32207105405,0.9959112590748405,24348.880000000005,41992.54000000001,0.0,0.0,0.0,0.0
2025-12-05,155508.93,187,831.5985561497325,4,0,12,4,5,339,49,0,0,1,153080.13,170909.66,129617.79,164702.44,146502.7,146762.18,144905.69,174279.20857142858,170299.58357142858,172521.26566666664,46803.77621921415,50558.14263515777,0.8783614021133165,18675.119999999995,-3097.4499999999825,0.0,0.0,0.0,0.0
2025-12-06,221786.62,244,908.9615573770492,5,1,12,4,6,340,49,0,0,1,155508.93,153080.13,170909.66,230328.88,265773.42,268183.21,160923.96,172965.85,170942.88571428572,172874.70700000002,47244.2153363562,50288.638620253805,0.8990730251087085,-9193.51000000001,10603.23999999999,0.0,0.0,0.0,0.0
2025-12-07,268730.35,271,991.6249077490774,6,1,12,4,7,341,49,0,0,1,221786.62,155508.93,153080.13,245640.86,229616.44,280741.59,151511.68,171745.52714285714,167800.97142857144,174903.4623333333,45597.18806017594,45004.585743711206,1.2913676628999928,-8542.26000000001,60862.66,0.0,0.0,0.0,0.0
2025-12-08,106014.59,167,634.8179041916168,0,0,12,4,8,342,50,0,0,1,268730.35,221786.62,155508.93,125674.7,121445.7,149002.44,296803.66000000003,175044.0257142857,170594.82214285716,178810.75133333335,52191.9475761567,50066.6282776778,1.5352157773075419,23089.48999999999,117218.66999999998,0.0,0.0,0.0,0.0
2025-12-09,143583.45,201,714.3455223880597,1,0,12,4,9,343,50,0,0,1,106014.59,268730.35,221786.62,129617.79,119935.66,130220.26,247758.72,172235.4385714286,169492.6,172451.11566666665,55702.351674069156,51384.40060901312,0.6155213519314933,-19660.11,-190789.07000000004,0.0,0.0,0.0,0.0
2025-12-10,124896.31999999999,176,709.6381818181818,2,0,12,4,10,344,50,0,0,1,143583.45,106014.59,268730.35,170909.66,146560.78,136988.63999999998,112034.85,174230.53285714285,171181.72785714286,168978.60666666666,54149.979321336934,50000.06595997816,0.8241003895553015,13965.660000000018,-104175.26999999999,0.0,0.0,0.0,0.0
2025-12-11,129943.12,172,755.4832558139534,3,0,12,4,11,345,50,0,0,1,124896.31999999999,143583.45,106014.59,153080.13,134405.01,131167.4,127877.58,167657.1985714286,169634.26642857143,169407.32233333334,57320.2943399131,51142.86831922245,0.7449505363576052,-46013.34000000001,12861.469999999987,0.0,0.0,0.0,0.0
2025-12-12,148640.48,174,854.2556321839081,4,0,12,4,12,346,50,0,0,1,129943.12,124896.31999999999,143583.45,155508.93,164702.44,146502.7,162855.28,164351.91142857142,169315.56,169476.17366666667,58945.007128062796,51392.58649185992,0.7906395421295327,-23137.01000000001,2065.5399999999936,0.0,0.0,0.0,0.0
2025-12-13,291460.42,303,961.9155775577557,5,1,12,4,13,347,50,0,0,1,148640.48,129943.12,124896.31999999999,221786.62,230328.88,265773.42,143706.66,163370.70428571428,168168.27714285714,169002.347,59173.46614932593,51681.959170201466,0.9098355831290663,-6868.4499999999825,-14214.799999999988,0.0,0.0,0.0,0.0
2025-12-14,287761.02,252,1141.9088095238096,6,1,12,4,14,348,50,0,0,1,291460.42,148640.48,129943.12,268730.35,245640.86,229616.44,146762.18,173324.10428571427,172534.8157142857,173927.47233333334,74509.5737012595,59351.23773132068,1.6815919586091932,69673.79999999999,147753.75999999998,0.0,0.0,0.0,0.0
2025-12-15,160722.88,185,868.7723243243244,0,0,12,4,15,349,51,0,0,1,287761.02,291460.42,148640.48,106014.59,125674.7,121445.7,268183.21,176042.7714285714,175543.39857142858,178627.43366666665,78794.85742370167,64210.749707978684,1.6346085537329558,19030.670000000042,140998.84000000003,0.0,0.0,0.0,0.0
2025-12-16,129707.3,193,672.058549222798,1,0,12,4,16,350,51,0,0,1,160722.88,287761.02,291460.42,143583.45,129617.79,119935.66,280741.59,183858.24142857143,178046.84,175045.42266666665,73206.28299364391,62784.297719989074,0.8741673952235623,54708.29000000001,-107460.33000000002,0.0,0.0,0.0,0.0
2025-12-17,148091.9,178,831.9769662921348,2,0,12,4,17,351,51,0,0,1,129707.3,160722.88,287761.02,124896.31999999999,170909.66,146560.78,149002.44,181875.9342857143,178053.23357142857,170010.94633333336,74652.21369814176,62778.99096998285,0.7131636217259962,-13876.150000000009,-151034.29000000004,0.0,0.0,0.0,0.0
2025-12-18,139192.81,175,795.3874857142857,3,0,12,4,18,352,51,0,0,1,148091.9,129707.3,160722.88,129943.12,153080.13,134405.01,130220.26,185189.58857142855,176423.39357142858,169980.595,72175.18093221873,63272.96406581994,0.7996772450459838,23195.58,-910.5400000000081,0.0,0.0,0.0,0.0
2025-12-19,133833.45,185,723.4240540540541,4,0,12,4,19,353,51,0,0,1,139192.81,148091.9,129707.3,148640.48,155508.93,164702.44,136988.63999999998,186510.97285714286,175431.44214285715,170279.68000000002,71071.38361055561,63773.94971770934,0.7462982357966321,9249.690000000002,8972.550000000003,0.0,0.0,0.0,0.0
2025-12-20,290277.54,255,1138.343294117647,5,1,12,4,20,354,51,0,0,1,133833.45,139192.81,148091.9,291460.42,221786.62,230328.88,131167.4,184395.68285714285,173883.19357142856,170174.507,72590.49000218706,64553.164757698774,0.7257949206093088,-14807.029999999999,-3155.189999999973,0.0,0.0,0.0,0.0
2025-12-21,259663.29,255,1018.2874117647059,6,1,12,4,21,355,51,0,0,1,290277.54,133833.45,139192.81,287761.02,268730.35,245640.86,146502.7,184226.69999999998,178775.40214285714,175478.17833333332,72300.51322853222,70759.76572671656,1.5756540175772482,-1182.8800000000047,159110.13999999998,0.0,0.0,0.0,0.0
2025-12-22,129852.07,201,646.0301990049752,0,0,12,4,22,356,52,0,0,1,259663.29,290277.54,133833.45,160722.88,106014.59,125674.7,265773.42,180212.73857142855,178127.75499999998,179250.19799999997,66109.41154274765,69909.48174747272,1.440870895467133,-28097.73000000001,113160.59,0.0,0.0,0.0,0.0
2025-12-23,142980.25,189,756.5092592592592,1,0,12,4,23,357,52,0,0,1,129852.07,259663.29,290277.54,129707.3,143583.45,129617.79,229616.44,175802.62285714288,179830.43214285717,174719.48633333333,68608.70240562722,68289.54698711248,0.7386241905248307,-30870.809999999998,-135921.34999999998,0.0,0.0,0.0,0.0
2025-12-24,143242.99,190,753.9104736842105,2,0,12,4,24,358,52,0,0,1,142980.25,129852.07,259663.29,148091.9,124896.31999999999,170909.66,121445.7,177698.75857142857,179787.34642857144,171831.6133333333,67293.24672759228,68314.36113256683,0.8046215468777529,13272.949999999997,-86636.19,0.0,0.0,0.0,0.0
2025-12-25,140680.76,187,752.3035294117648,3,0,12,4,25,359,52,0,0,1,143242.99,142980.25,129852.07,139192.81,129943.12,153080.13,119935.66,177006.05714285714,181097.82285714286,172558.18966666667,67672.69439163148,67349.54600165549,0.8092547357539939,-4848.9100000000035,21797.289999999994,0.0,0.0,0.0,0.0
2025-12-26,148179.08,198,748.3791919191918,4,0,12,4,26,360,52,0,0,1,140680.76,143242.99,142980.25,133833.45,148640.48,155508.93,146560.78,177218.6214285714,181864.79714285716,173249.693,67536.32438095819,66780.9262024862,0.793826059958948,1487.9500000000116,20745.100000000006,0.0,0.0,0.0,0.0
2025-12-27,280303.16,273,1026.7515018315016,5,1,12,4,27,361,52,0,0,1,148179.08,140680.76,143242.99,290277.54,291460.42,221786.62,134405.01,179267.99714285714,181831.84,173303.63633333333,66204.92547903454,66798.69554311241,0.8265785436422125,14345.629999999976,1618.2999999999884,0.0,0.0,0.0,0.0
2025-12-28,209210.63,224,933.9760267857143,6,1,12,4,28,362,52,0,0,1,280303.16,148179.08,140680.76,259663.29,287761.02,268730.35,164702.44,177843.08571428573,181034.89285714287,178166.908,63468.26748629288,65442.95108345271,1.5761262737552821,-9974.380000000005,145898.14999999997,0.0,0.0,0.0,0.0
2025-12-29,129031.61,176,733.1341477272728,0,0,12,4,29,363,1,0,0,1,209210.63,280303.16,148179.08,129852.07,160722.88,106014.59,230328.88,170635.56285714285,175424.1507142857,179650.51433333333,54916.70081629132,58598.25277637066,1.226066984495789,-50452.66,44508.19,0.0,0.0,0.0,0.0
2025-12-30,138339.48,192,720.518125,1,0,12,4,30,364,1,0,0,1,129031.61,209210.63,280303.16,142980.25,129707.3,143583.45,245640.86,170518.35428571427,173160.4885714286,176273.93866666668,55019.03247974368,59809.45391884675,0.7567021775485743,-820.4600000000064,-101297.27,0.0,0.0,0.0,0.0
2025-12-31,130765.7,161,812.2093167701863,2,0,12,4,31,365,1,0,1,1,138339.48,129031.61,209210.63,143242.99,148091.9,124896.31999999999,125674.7,169855.38714285713,173777.07285714286,172697.226,55432.57119338761,59369.90994492231,0.8144544740500257,-4640.7699999999895,-107301.37999999998,0.0,0.0,0.0,0.0
2026-01-01,66970.98,101,663.0790099009901,3,0,1,1,1,1,1,1,0,0,130765.7,138339.48,129031.61,140680.76,139192.81,129943.12,129617.79,168072.91714285713,172539.48714285714,172866.926,56618.84736079632,60122.32922073155,0.7780295732527338,-12477.289999999994,5091.0,0.0,0.0,0.0,0.0
2026-01-02,60147.96,98,613.7546938775511,4,0,1,1,2,2,1,0,0,0,66970.98,130765.7,138339.48,148179.08,133833.45,148640.48,170909.66,157542.9485714286,167380.78499999997,170778.69900000002,68226.67246402887,66013.49864101682,0.42509665210204894,-73709.78000000001,-62646.81,0.0,0.0,0.0,0.0
2026-01-03,113706.56,146,778.8120547945206,5,1,1,1,3,3,1,0,0,0,60147.96,66970.98,130765.7,280303.16,290277.54,291460.42,153080.13,144967.07428571428,162117.5357142857,167086.64233333335,77696.31745771303,71595.44248818458,0.414907731954737,-88031.12,-110761.70000000001,0.0,0.0,0.0,0.0
2026-01-04,129671.26,159,815.5425157232704,6,1,1,1,4,4,1,0,0,0,113706.56,60147.96,66970.98,209210.63,259663.29,287761.02,155508.93,121167.56000000001,149505.32285714286,165774.19,49861.0602478356,62220.74913190865,0.9384241128566015,-166596.59999999998,-39373.57000000001,0.0,0.0,0.0,0.0
2026-01-05,65515.47,105,623.9568571428572,0,0,1,1,5,5,2,0,0,0,129671.26,113706.56,60147.96,129031.61,129852.07,160722.88,221786.62,109804.79285714286,140220.17785714284,164912.9343333333,32490.243081309007,53622.68361139915,1.1809253187035507,-79539.37000000001,-25837.67,0.0,0.0,0.0,0.0
2026-01-06,51488.31,91,565.8056043956044,1,0,1,1,6,6,2,0,0,0,65515.47,129671.26,113706.56,138339.48,142980.25,129707.3,268730.35,100731.05857142857,135624.70642857143,159703.896,34998.19142322554,57216.01260427222,0.6503998958130894,-63516.14,-156271.15,0.0,0.0,0.0,0.0
2026-01-07,69069.64,109,633.6664220183486,2,0,1,1,7,7,2,0,0,0,51488.31,65515.47,129671.26,130765.7,143242.99,148091.9,106014.59,88323.74857142856,129089.56785714286,152462.49466666667,34837.97246264392,61384.44676162797,0.5829497822814909,-86851.17000000001,-217242.03999999998,0.0,0.0,0.0,0.0
2026-01-08,71685.47,103,695.9754368932039,3,0,1,1,8,8,2,0,0,0,69069.64,51488.31,65515.47,66970.98,140680.76,139192.81,143583.45,79510.0257142857,123791.47142857143,151230.9963333333,29742.605337139674,63241.75153019948,0.8686909528641904,-61696.06,-36944.95,0.0,0.0,0.0,0.0
2026-01-09,48510.65,89,545.0634831460675,4,0,1,1,9,9,2,0,0,0,71685.47,69069.64,51488.31,60147.96,148179.08,133833.45,124896.31999999999,80183.52428571427,118863.23642857143,148834.397,29463.413006263938,64500.15568813023,0.8940174510734344,4714.490000000005,-71897.98000000001,0.0,0.0,0.0,0.0
2026-01-10,136755.32,166,823.8272289156627,5,1,1,1,10,10,2,0,0,0,48510.65,71685.47,69069.64,113706.56,280303.16,290277.54,129943.12,78521.05142857143,111744.06285714285,146288.208,31067.015340852562,66485.40728809644,0.6178043864342324,-11637.309999999998,-76385.66999999998,0.0,0.0,0.0,0.0
2026-01-11,117116.25,137,854.8631386861314,6,1,1,1,11,11,2,0,0,0,136755.32,48510.65,71685.47,129671.26,209210.63,259663.29,148640.48,81813.73142857142,101490.64571428571,146515.28133333335,36212.968406072,46579.59262645766,1.6715448325369977,23048.76000000001,6812.200000000012,0.0,0.0,0.0,0.0
2026-01-12,52033.0,105,495.55238095238093,0,0,1,1,12,12,3,0,0,0,117116.25,136755.32,48510.65,65515.47,129031.61,129852.07,291460.42,80020.15857142858,94912.47571428573,145464.47366666666,33669.177140818305,35344.79816726636,1.463584327884789,-12555.009999999995,-31524.23000000001,0.0,0.0,0.0,0.0
2026-01-13,64943.9,109,595.8155963302753,1,0,1,1,13,13,3,0,0,0,52033.0,117116.25,136755.32,51488.31,138339.48,142980.25,287761.02,78094.09142857142,89412.575,137483.55966666667,34996.68519520911,35616.93768451028,0.6662860025408093,-13482.470000000001,-239427.41999999998,0.0,0.0,0.0,0.0
2026-01-14,55178.18,94,587.001914893617,2,0,1,1,14,14,3,0,0,0,64943.9,52033.0,117116.25,69069.64,130765.7,143242.99,160722.88,80016.31857142856,84170.03357142858,130056.32233333333,33634.81102661698,33179.53018729183,0.81163319132241,13455.590000000004,-222817.12000000002,0.0,0.0,0.0,0.0
2026-01-15,53146.69,96,553.6113541666667,3,0,1,1,15,15,3,0,0,0,55178.18,64943.9,52033.0,71685.47,66970.98,140680.76,129707.3,78031.82428571429,78770.925,126538.16566666667,34778.6785970334,31098.75352597538,0.7071240548979586,-13891.46,-105544.70000000001,0.0,0.0,0.0,0.0
2026-01-16,60439.840000000004,98,616.7330612244898,4,0,1,1,16,16,3,0,0,0,53146.69,55178.18,64943.9,48510.65,60147.96,148179.08,148091.9,75383.42714285714,77783.47571428571,123986.14533333335,36025.99652438191,31715.604086399286,0.7050182250175813,-18538.78,-76560.61,0.0,0.0,0.0,0.0
2026-01-17,109745.43000000001,156,703.4963461538462,5,1,1,1,17,17,3,0,0,0,60439.840000000004,53146.69,55178.18,136755.32,113706.56,280303.16,139192.81,77087.59714285714,77804.32428571429,121064.40999999999,34804.381503513956,31703.212956985863,0.784041042140584,11929.190000000002,-87652.06,0.0,0.0,0.0,0.0
2026-01-18,148552.3,166,894.8933734939758,6,1,1,1,18,18,3,0,0,0,109745.43000000001,60439.840000000004,53146.69,117116.25,129671.26,209210.63,133833.45,73229.04142857144,77521.38642857142,120082.83066666668,27899.06677537024,31374.12113961359,1.4986599286165125,-27009.89,-29447.37999999999,0.0,0.0,0.0,0.0
2026-01-19,73823.16,112,659.1353571428572,0,0,1,1,19,19,4,0,0,0,148552.3,109745.43000000001,60439.840000000004,52033.0,65515.47,129031.61,290277.54,77719.90571428572,78870.03214285713,120573.459,37140.451291946476,34077.60232207506,1.911380342458298,31436.04999999999,14718.849999999977,0.0,0.0,0.0,0.0
2026-01-20,78422.14,126,622.3979365079365,1,0,1,1,20,20,4,0,0,0,73823.16,148552.3,109745.43000000001,64943.9,51488.31,138339.48,259663.29,80832.78571428571,79463.43857142856,113358.31300000001,35505.90580392483,33899.03049671727,0.9132823933711368,21790.160000000003,-216454.37999999998,0.0,0.0,0.0,0.0
2026-01-21,59582.88,103,578.474563106796,2,0,1,1,21,21,4,0,0,0,78422.14,73823.16,148552.3,55178.18,69069.64,130765.7,129852.07,82758.24857142857,81387.28357142858,107316.94133333332,34860.241811079504,32939.96340894741,0.9476051191720541,13478.239999999998,-181241.15000000002,0.0,0.0,0.0,0.0
2026-01-22,55363.29,95,582.7714736842105,3,0,1,1,22,22,4,0,0,0,59582.88,78422.14,73823.16,53146.69,71685.47,66970.98,142980.25,83387.49142857143,80709.65785714285,104974.63500000001,34314.925457118545,33308.36654125766,0.7145301888717583,4404.699999999997,-70269.19,0.0,0.0,0.0,0.0
2026-01-23,63125.14,96,657.5535416666667,4,0,1,1,23,23,4,0,0,0,55363.29,59582.88,78422.14,60439.840000000004,48510.65,60147.96,143242.99,83704.14857142857,79543.78785714286,102054.06966666668,33998.118936223545,33928.4173138321,0.6614163209934012,2216.5999999999985,-87616.95999999999,0.0,0.0,0.0,0.0
2026-01-24,107424.36,143,751.2193006993007,5,1,1,1,24,24,4,0,0,0,63125.14,55363.29,59582.88,109745.43000000001,136755.32,113706.56,140680.76,84087.76285714285,80587.68000000001,99383.47466666666,33705.76105120229,33115.23925208129,0.7507054279377474,2685.2999999999956,-80117.84999999999,0.0,0.0,0.0,0.0
2026-01-25,104187.14,151,689.981059602649,6,1,1,1,25,25,4,0,0,0,107424.36,63125.14,55363.29,148552.3,117116.25,129671.26,148179.08,83756.18142857144,78492.61142857143,98274.92800000001,33421.50312681047,30076.826189431547,1.2825842602627708,-2321.070000000007,-33256.40000000001,0.0,0.0,0.0,0.0
2026-01-26,56472.08,103,548.2726213592233,0,0,1,1,26,26,5,0,0,0,104187.14,107424.36,63125.14,73823.16,52033.0,65515.47,280303.16,77418.30142857143,77569.10357142857,96808.53,20974.934459557546,28978.08769573384,1.3457688696015242,-44365.15999999999,-43991.93999999999,0.0,0.0,0.0,0.0
2026-01-27,67088.13,112,599.0011607142858,1,0,1,1,27,27,5,0,0,0,56472.08,104187.14,107424.36,78422.14,64943.9,51488.31,209210.63,74939.57571428572,77886.18071428571,89347.49399999999,22444.367651198856,28700.13220511054,0.7535681842569331,-17351.08,-223831.07999999996,0.0,0.0,0.0,0.0
2026-01-28,57959.47,122,475.07762295081966,2,0,1,1,28,28,5,0,0,0,67088.13,56472.08,104187.14,59582.88,55178.18,69069.64,129031.61,73320.43142857144,78039.34,84610.07733333333,22559.784957041004,28631.391476014585,0.9149991167926522,-11334.009999999995,-142122.5,0.0,0.0,0.0,0.0
2026-01-29,39163.15,82,477.59939024390246,3,0,1,1,29,29,5,0,0,0,57959.47,67088.13,56472.08,55363.29,53146.69,71685.47,138339.48,73088.5157142857,78238.00357142858,82241.00600000001,22732.230079468252,28469.75657640001,0.7930037904528219,-1623.4099999999962,-71072.14,0.0,0.0,0.0,0.0
2026-01-30,51957.88,98,530.1824489795918,4,0,1,1,30,30,5,0,0,0,39163.15,57959.47,67088.13,63125.14,60439.840000000004,48510.65,130765.7,70774.20999999999,77239.17928571429,78935.12833333334,25494.379909981184,29639.05243384361,0.5533534037327926,-16200.14,-99176.33000000002,0.0,0.0,0.0,0.0
2026-01-31,125826.70999999999,151,833.2894701986754,5,1,1,1,31,31,5,0,1,0,51957.88,39163.15,57959.47,107424.36,109745.43000000001,136755.32,66970.98,69178.88714285714,76633.325,76308.20099999999,26386.584532172954,30092.092036344493,0.7510655656068037,-11167.260000000002,-78807.82,0.0,0.0,0.0,0.0
2026-02-01,124761.17,152,820.7971710526316,6,1,2,1,1,32,5,1,0,0,125826.70999999999,51957.88,39163.15,104187.14,148552.3,117116.25,60147.96,71807.79428571428,77781.98785714286,78270.05866666666,31292.68453027663,31716.34824964472,1.7522709233951597,18402.34999999999,58855.729999999996,0.0,0.0,0.0,0.0
2026-02-02,65900.05,95,693.6847368421053,0,0,2,1,2,33,6,0,0,0,124761.17,125826.70999999999,51957.88,56472.08,73823.16,52033.0,113706.56,74746.94142857143,76082.62142857142,80423.83233333334,35521.262411476884,28059.311258886788,1.6691140482212339,20574.03,64613.21,0.0,0.0,0.0,0.0
2026-02-03,91621.7,130,704.7823076923077,1,0,2,1,3,34,6,0,0,0,65900.05,124761.17,125826.70999999999,67088.13,78422.14,64943.9,129671.26,76093.79428571429,75516.68499999998,78830.28199999999,34885.90770691869,28187.995189679816,0.866037114045857,9427.970000000001,-47806.509999999995,0.0,0.0,0.0,0.0
2026-02-04,60279.62,103,585.2390291262136,2,0,2,1,4,35,6,0,0,0,91621.7,65900.05,124761.17,57959.47,59582.88,55178.18,65515.47,79598.59,76459.5107142857,77561.96333333335,35062.2970698026,28511.54273863658,1.1510467710545984,24533.569999999992,-38049.56,0.0,0.0,0.0,0.0
2026-02-05,54801.48,104,526.9373076923077,3,0,2,1,5,36,6,0,0,0,60279.62,91621.7,65900.05,39163.15,55363.29,53146.69,51488.31,79930.04000000001,76509.27785714285,77387.435,34833.8679272427,28480.409496141845,0.7541547583361554,2320.1500000000015,-5235.8499999999985,0.0,0.0,0.0,0.0
2026-02-06,69188.17,113,612.2846902654867,4,0,2,1,6,37,6,0,0,0,54801.48,60279.62,91621.7,51957.88,63125.14,60439.840000000004,69069.64,82164.08714285714,76469.14857142858,77497.874,32184.257460186633,28512.87369997735,0.6669760707584694,15638.330000000002,3313.1700000000055,0.0,0.0,0.0,0.0
2026-02-07,117132.13,154,760.5982467532468,5,1,2,1,7,38,6,0,0,0,69188.17,54801.48,60279.62,125826.70999999999,107424.36,109745.43000000001,71685.47,84625.55714285714,76902.22214285715,77501.825,30079.079671748266,28340.126366838187,0.8175800826126559,17230.29,118.52999999999884,0.0,0.0,0.0,0.0
2026-02-08,116590.61,150,777.2707333333333,6,1,2,1,8,39,6,0,0,0,117132.13,69188.17,54801.48,124761.17,104187.14,148552.3,48510.65,83383.4742857143,77595.63428571429,79016.71366666668,28215.97980101378,29248.57526257193,1.40474033977817,-8694.579999999987,45446.66,0.0,0.0,0.0,0.0
2026-02-09,80494.31,116,693.9164655172414,0,0,2,1,9,40,7,0,0,0,116590.61,117132.13,69188.17,65900.05,56472.08,73823.16,136755.32,82216.25142857143,78481.59642857143,81286.04566666667,26324.61583170974,30285.487719773446,1.4180968844254742,-8170.559999999998,68079.95999999999,0.0,0.0,0.0,0.0
2026-02-10,60748.92,92,660.314347826087,1,0,2,1,10,41,7,0,0,0,80494.31,116590.61,117132.13,91621.7,67088.13,78422.14,117116.25,84301.14571428571,80197.46999999999,79410.67866666666,25377.91545179295,29615.683288571177,0.9548424202063773,14594.259999999995,-56261.01000000001,0.0,0.0,0.0,0.0
2026-02-11,47870.24,83,576.7498795180722,2,0,2,1,11,42,7,0,0,0,60748.92,80494.31,116590.61,60279.62,57959.47,59582.88,52033.0,79890.74857142857,79744.66928571429,77531.76766666667,26549.284850420532,29878.8244536125,0.7603999347394392,-30872.78,-56367.33,0.0,0.0,0.0,0.0
2026-02-12,66764.24,114,585.6512280701755,3,0,2,1,12,43,7,0,0,0,47870.24,60748.92,80494.31,54801.48,39163.15,55363.29,64943.9,78117.98,79024.01000000001,77393.009,28425.06172050035,30558.628891631353,0.6127941352298073,-12409.380000000005,-4162.760000000002,0.0,0.0,0.0,0.0
2026-02-13,61197.91,108,566.6473148148149,4,0,2,1,13,44,7,0,0,0,66764.24,47870.24,60748.92,69188.17,51957.88,63125.14,55178.18,79826.94571428571,80995.51642857143,77453.68699999999,27119.209354056584,28617.887723370237,0.8363622007906928,11962.760000000002,1820.3400000000038,0.0,0.0,0.0,0.0
2026-02-14,96933.38,143,677.8558041958042,5,1,2,1,14,45,7,0,0,0,61197.91,66764.24,47870.24,117132.13,125826.70999999999,107424.36,53146.69,78685.48,81655.51857142858,77654.34466666666,27801.216733091398,27996.494178954697,0.7777535321637388,-7990.259999999995,6019.730000000003,0.0,0.0,0.0,0.0
2026-02-15,113783.03,143,795.6855244755245,6,1,2,1,15,46,7,0,0,0,96933.38,61197.91,66764.24,116590.61,124761.17,104187.14,60439.840000000004,75799.94428571429,79591.70928571429,79113.901,23923.498401921675,25437.913099153488,1.2788054254317884,-20198.75,43786.69,0.0,0.0,0.0,0.0
2026-02-16,56454.06,94,600.5751063829787,0,0,2,1,16,47,8,0,0,0,113783.03,96933.38,61197.91,80494.31,65900.05,56472.08,109745.43000000001,75398.86142857143,78807.55642857144,80892.00733333334,23136.23771444775,24070.879610724227,1.5090815410759222,-2807.5800000000017,53343.189999999995,0.0,0.0,0.0,0.0
2026-02-17,80415.76,120,670.1313333333333,1,0,2,1,17,48,8,0,0,0,56454.06,113783.03,96933.38,60748.92,91621.7,67088.13,148552.3,71964.54000000001,78132.84285714287,79115.62833333333,24021.146700276804,24587.357493657175,0.7844705183969661,-24040.25,-53291.37000000001,0.0,0.0,0.0,0.0
2026-02-18,71018.15,94,755.5122340425531,2,0,2,1,18,49,8,0,0,0,80415.76,56454.06,113783.03,47870.24,60279.62,57959.47,73823.16,74774.08857142857,77332.41857142858,76844.41033333333,23637.79099258504,24295.12275826979,1.0754495512597402,19666.839999999997,-68136.54,0.0,0.0,0.0,0.0
2026-02-19,66858.36,97,689.2614432989691,3,0,2,1,19,50,8,0,0,0,71018.15,80415.76,56454.06,66764.24,54801.48,39163.15,78422.14,78080.93285714286,78099.45642857144,76750.90999999999,20680.967299843065,23881.315608242825,0.9095453576346754,23147.909999999996,-2805.0100000000093,0.0,0.0,0.0,0.0
2026-02-20,74655.78,118,632.6761016949152,4,0,2,1,20,51,8,0,0,0,66858.36,71018.15,80415.76,61197.91,69188.17,51957.88,59582.88,78094.37857142858,78960.66214285714,76365.45066666667,20672.412331185944,23183.72629942133,0.85612256890997,94.11999999999534,-11563.779999999999,0.0,0.0,0.0,0.0
2026-02-21,124088.61,140,886.3472142857142,5,1,2,1,21,52,8,0,0,0,74655.78,66858.36,71018.15,96933.38,117132.13,125826.70999999999,55363.29,80016.93142857144,79351.20571428572,76867.88066666666,19427.43606807143,23052.11856489442,0.932999787259299,13457.869999999995,15072.900000000001,0.0,0.0,0.0,0.0
2026-02-22,84986.95,139,611.4169064748202,6,1,2,1,22,53,8,0,0,0,124088.61,74655.78,66858.36,113783.03,116590.61,124761.17,63125.14,83896.25,79848.09714285715,79158.72466666666,25216.907241165063,23985.22413959332,1.479072187374269,27155.229999999996,68725.32,0.0,0.0,0.0,0.0
2026-02-23,58367.479999999996,100,583.6748,0,0,2,1,23,54,9,0,0,0,84986.95,124088.61,74655.78,56454.06,80494.31,65900.05,107424.36,79782.52428571427,77590.69285714286,79887.45166666668,21621.229142566113,21633.016115769213,1.0652326529008629,-28796.08,21861.809999999998,0.0,0.0,0.0,0.0
2026-02-24,54283.1,105,516.9819047619047,1,0,2,1,24,55,9,0,0,0,58367.479999999996,84986.95,124088.61,80415.76,60748.92,91621.7,104187.14,80055.87,76010.20499999999,78252.22233333332,21286.651327708994,22205.27614945006,0.7290843257340064,1913.4199999999983,-49056.880000000005,0.0,0.0,0.0,0.0
2026-02-25,71353.43,110,648.6675454545453,2,0,2,1,25,56,9,0,0,0,54283.1,58367.479999999996,84986.95,71018.15,47870.24,60279.62,56472.08,76322.63285714286,75548.36071428572,76588.75433333335,23399.70044036129,22610.65069856666,0.7112320155621971,-26132.659999999996,-49904.04,0.0,0.0,0.0,0.0
2026-02-26,68264.81999999999,118,578.5154237288135,3,0,2,1,26,57,9,0,0,0,71353.43,54283.1,58367.479999999996,66858.36,66764.24,54801.48,67088.13,76370.53,77225.73142857142,77084.79933333333,23387.372888988346,21228.190414205175,0.9343058114170355,335.27999999999884,14881.349999999991,0.0,0.0,0.0,0.0
2026-02-27,56463.43,113,499.67637168141596,4,0,2,1,27,58,9,0,0,0,68264.81999999999,71353.43,54283.1,74655.78,61197.91,69188.17,57959.47,76571.45285714285,77332.9157142857,77124.02233333333,23297.90344796811,21175.027344506827,0.8915178888842399,1406.4599999999919,1176.6899999999878,0.0,0.0,0.0,0.0
2026-02-28,121755.56,159,765.7582389937107,5,1,2,1,28,59,9,0,1,0,56463.43,68264.81999999999,71353.43,124088.61,96933.38,117132.13,39163.15,73972.5457142857,76994.73857142858,77074.15433333332,24529.357862204255,21488.027276722805,0.7633025125035668,-18192.35,-1496.0400000000009,0.0,0.0,0.0,0.0
2026-03-01,121944.25,147,829.5527210884354,6,1,3,1,1,60,9,1,0,0,121755.56,56463.43,68264.81999999999,84986.95,113783.03,116590.61,51957.88,73639.25285714286,78767.75142857143,79827.23466666667,23737.99819077373,24122.33369857195,1.6534056943271702,-2333.050000000003,82592.41,0.0,0.0,0.0,0.0
2026-03-02,74200.82,112,662.5073214285715,0,0,3,1,2,61,10,0,0,0,121944.25,121755.56,56463.43,58367.479999999996,56454.06,80494.31,125826.70999999999,78918.86714285714,79350.69571428571,82160.11366666667,29973.425947315045,25111.924134743927,1.5451850034701808,36957.3,69986.37,0.0,0.0,0.0,0.0
2026-03-03,71095.36,103,690.2462135922331,1,0,3,1,3,62,10,0,0,0,74200.82,121944.25,121755.56,54283.1,80415.76,60748.92,124761.17,81180.77285714285,80618.32142857143,80439.25066666667,28735.937172929986,24302.07743930448,0.9140196303695376,15833.340000000011,-51625.889999999985,0.0,0.0,0.0,0.0
2026-03-04,85933.3,119,722.1285714285715,2,0,3,1,4,63,10,0,0,0,71095.36,74200.82,121944.25,71353.43,71018.15,47870.24,65900.05,83582.52428571429,79952.57857142856,78650.39033333333,26746.88888181237,24435.35168525838,0.8506007757910057,16812.260000000002,-53665.81,0.0,0.0,0.0,0.0
2026-03-05,61180.2,107,571.7775700934579,3,0,3,1,5,64,10,0,0,0,85933.3,71095.36,74200.82,68264.81999999999,66858.36,66764.24,91621.7,85665.36285714286,81017.94642857143,79318.16533333334,26197.914271126254,24340.814488115542,1.0031277185308016,14579.87000000001,20033.25,0.0,0.0,0.0,0.0
2026-03-06,84268.19,122,690.722868852459,4,0,3,1,6,65,10,0,0,0,61180.2,85933.3,71095.36,56463.43,74655.78,61197.91,60279.62,84653.27428571429,80612.36357142856,78303.44866666666,27103.377152507244,24640.36335343842,0.7227151048346842,-7084.619999999995,-30441.5,0.0,0.0,0.0,0.0
2026-03-07,100479.51,158,635.9462658227848,5,1,3,1,7,66,10,0,0,0,84268.19,61180.2,85933.3,121755.56,124088.61,96933.38,54801.48,88625.38285714286,81298.96428571429,79103.06766666667,24161.249146646955,24595.49970081072,0.9508358360023419,27804.760000000002,23988.57,0.0,0.0,0.0,0.0
2026-03-08,138779.48,163,851.4078527607362,6,1,3,1,8,67,10,0,0,0,100479.51,84268.19,61180.2,121944.25,84986.95,113783.03,69188.17,85585.94714285714,79612.59999999999,80625.66866666666,20334.04480393692,22120.870553201396,1.1740187887654248,-21276.050000000003,45678.02999999999,0.0,0.0,0.0,0.0
2026-03-09,66196.83,116,570.6623275862069,0,0,3,1,9,68,11,0,0,0,138779.48,100479.51,84268.19,74200.82,58367.479999999996,56454.06,117132.13,87990.98,83454.92357142856,82945.37899999999,25651.43510733771,27212.095200247764,1.5772012085784068,16835.23000000001,69591.31000000001,0.0,0.0,0.0,0.0
2026-03-10,73814.57,112,659.0586607142858,1,0,3,1,10,69,11,0,0,0,66196.83,138779.48,100479.51,71095.36,54283.1,80415.76,116590.61,86847.55285714287,84014.16285714286,81247.53566666666,26531.87146425812,26733.095472587876,0.7622187133918167,-8003.990000000005,-50935.3,0.0,0.0,0.0,0.0
2026-03-11,78822.0,109,723.1376146788991,2,0,3,1,11,70,11,0,0,0,73814.57,66196.83,138779.48,85933.3,71353.43,71018.15,80494.31,87236.01142857142,85409.26785714286,79821.66766666668,26281.5270430564,25545.444062397783,0.8461479243630745,2719.2100000000064,-42776.03999999999,0.0,0.0,0.0,0.0
2026-03-12,65053.15,112,580.8316964285715,3,0,3,1,12,71,11,0,0,0,78822.0,73814.57,66196.83,61180.2,68264.81999999999,66858.36,60748.92,86220.11142857143,85942.73714285715,79765.92400000001,26476.990463020997,25306.197975592513,0.9141950606883491,-7111.300000000003,-1672.3099999999977,0.0,0.0,0.0,0.0
2026-03-13,63165.74,111,569.0607207207207,4,0,3,1,13,72,11,0,0,0,65053.15,78822.0,73814.57,84268.19,56463.43,74655.78,47870.24,86773.39,85713.33214285715,79909.39833333335,25900.728482027112,25492.648791173302,0.7496900835613227,3872.9500000000044,4304.230000000003,0.0,0.0,0.0,0.0
2026-03-14,120732.52,155,778.9194838709677,5,1,3,1,14,73,11,0,0,0,63165.74,65053.15,78822.0,100479.51,121755.56,124088.61,66764.24,83758.75428571428,86192.06857142856,80419.24833333332,27424.18436177489,24958.435212280372,0.7541389618156327,-21102.450000000004,15295.5,0.0,0.0,0.0,0.0
2026-03-15,161394.24,169,954.9955029585798,6,1,3,1,15,74,11,0,0,0,120732.52,63165.74,65053.15,138779.48,121944.25,84986.95,61197.91,86652.04142857144,86118.99428571427,82218.191,30390.221106612098,24847.552814922827,1.3933026621135085,20253.01000000001,53968.28,0.0,0.0,0.0,0.0
2026-03-16,74951.25,108,693.9930555555555,0,0,3,1,16,75,12,0,0,0,161394.24,120732.52,63165.74,66196.83,74200.82,58367.479999999996,96933.38,89882.72142857143,88936.85071428571,85558.06866666667,37277.022806479225,30757.063871570746,1.795609183109303,22614.75999999998,100196.32999999999,0.0,0.0,0.0,0.0
2026-03-17,69292.43,103,672.7420388349514,1,0,3,1,17,76,12,0,0,0,74951.25,161394.24,120732.52,73814.57,71095.36,54283.1,113783.03,91133.35285714285,88990.45285714287,84825.331,36488.43974318874,30730.04908187708,0.8224349006174488,8754.419999999998,-21982.130000000005,0.0,0.0,0.0,0.0
2026-03-18,66200.79,102,649.0273529411764,2,0,3,1,18,77,12,0,0,0,69292.43,74951.25,161394.24,78822.0,85933.3,71353.43,56454.06,90487.33285714287,88861.67214285713,83342.31099999999,36884.05637505608,30814.472734753188,0.7657693934840011,-4522.140000000014,-44490.600000000006,0.0,0.0,0.0,0.0
2026-03-19,71020.09,106,670.0008490566038,3,0,3,1,19,78,12,0,0,0,66200.79,69292.43,74951.25,65053.15,61180.2,68264.81999999999,80415.76,88684.30285714286,87452.20714285714,83667.202,37845.30230884561,31404.36082267418,0.7464769735703827,-12621.210000000006,9746.729999999996,0.0,0.0,0.0,0.0
2026-03-20,65761.52,96,685.0158333333334,4,0,3,1,20,79,12,0,0,0,71020.09,66200.79,69292.43,63165.74,84268.19,56463.43,71018.15,89536.72285714284,88155.05642857144,83354.013,37287.41551023502,30876.827977868536,0.7931951017831287,5966.939999999995,-9395.669999999998,0.0,0.0,0.0,0.0
2026-03-21,143451.34,162,885.502098765432,5,1,3,1,21,80,12,0,0,0,65761.52,71020.09,66200.79,120732.52,100479.51,121755.56,66858.36,89907.54857142856,86833.15142857144,83178.792,36993.19100562389,31446.92630352504,0.7314349133627409,2595.780000000006,-5256.62999999999,0.0,0.0,0.0,0.0
2026-03-22,121557.04,144,844.146111111111,6,1,3,1,22,81,12,0,0,0,143451.34,65761.52,71020.09,161394.24,138779.48,121944.25,74655.78,93153.09428571428,89902.56785714286,85731.89133333335,40934.909414746326,34799.77563487953,1.5399524954051664,22718.819999999992,76592.98,0.0,0.0,0.0,0.0
2026-03-23,83929.06,131,640.6798473282443,0,0,3,1,23,82,13,0,0,0,121557.04,143451.34,65761.52,74951.25,66196.83,74200.82,124088.61,87462.06571428571,88672.39357142858,87295.26666666666,31562.679367402983,33207.023652662705,1.389825852010993,-39837.2,46901.259999999995,0.0,0.0,0.0,0.0
2026-03-24,91939.1,137,671.0883211678832,1,0,3,1,24,83,13,0,0,0,83929.06,121557.04,143451.34,69292.43,73814.57,71095.36,84986.95,88744.61,89938.98142857142,85956.615,31149.273811020452,32616.739787332128,0.9457369861673746,8977.809999999998,-40159.55,0.0,0.0,0.0,0.0
2026-03-25,91744.84,124,739.8777419354839,2,0,3,1,25,84,13,0,0,0,91939.1,83929.06,121557.04,66200.79,78822.0,85933.3,58367.479999999996,91979.84857142858,91233.5907142857,86188.35333333332,29944.98742982103,32285.5194167884,0.9995569837082529,22646.670000000013,6952.150000000009,0.0,0.0,0.0,0.0
2026-03-26,78034.46,117,666.9611965811966,3,0,3,1,26,85,13,0,0,0,91744.84,91939.1,83929.06,71020.09,65053.15,61180.2,54283.1,95628.99857142857,92156.6507142857,87300.932,27756.36542961765,32087.497166385623,0.9593830466756553,25544.050000000003,33377.36,0.0,0.0,0.0,0.0
2026-03-27,93708.47,125,749.66776,4,0,3,1,27,86,13,0,0,0,78034.46,91744.84,91939.1,65761.52,63165.74,84268.19,71353.43,96631.05142857145,93083.88714285714,88092.644,26831.062744947456,31424.75376969228,0.8075505631611736,7014.37000000001,23751.360000000008,0.0,0.0,0.0,0.0
2026-03-28,134181.36,171,784.6863157894736,5,1,3,1,28,87,13,0,0,0,93708.47,78034.46,91744.84,143451.34,120732.52,100479.51,68264.81999999999,100623.47285714287,95265.5107142857,88837.81199999999,23321.92486940028,30225.255332503315,0.9312784317535813,27946.949999999997,22355.040000000008,0.0,0.0,0.0,0.0
